contract_event_id,tx_id,smart_contract_id,event_name,event_status,rule_triggered,audit_flag
SCE-000001,TX-0000001,SC-011,payment_release,success,delivery_confirmed,0
SCE-000002,TX-0000003,SC-002,payment_release,pending,delivery_confirmed,0
SCE-000003,TX-0000004,SC-011,payment_release,failed,delivery_confirmed,0
SCE-000004,TX-0000010,SC-009,payment_release,success,delivery_confirmed,0
SCE-000005,TX-0000015,SC-004,payment_release,pending,delivery_confirmed,0
SCE-000006,TX-0000021,SC-001,quality_gate_passed,success,quality_certificate_verified,0
SCE-000007,TX-0000022,SC-007,payment_release,success,delivery_confirmed,0
SCE-000008,TX-0000026,SC-012,payment_release,success,delivery_confirmed,0
SCE-000009,TX-0000034,SC-008,quality_gate_passed,success,quality_certificate_verified,0
SCE-000010,TX-0000038,SC-011,payment_release,success,delivery_confirmed,0
SCE-000011,TX-0000040,SC-008,quality_gate_passed,success,quality_certificate_verified,0
SCE-000012,TX-0000042,SC-009,quality_gate_passed,failed,quality_certificate_verified,0
SCE-000013,TX-0000043,SC-005,quality_gate_passed,pending,quality_certificate_verified,0
SCE-000014,TX-0000045,SC-006,payment_release,success,delivery_confirmed,0
SCE-000015,TX-0000048,SC-006,payment_release,success,delivery_confirmed,0
SCE-000016,TX-0000050,SC-004,quality_gate_passed,success,quality_certificate_verified,0
SCE-000017,TX-0000056,SC-008,quality_gate_passed,success,quality_certificate_verified,0
SCE-000018,TX-0000060,SC-012,payment_release,success,delivery_confirmed,0
SCE-000019,TX-0000062,SC-007,quality_gate_passed,success,quality_certificate_verified,0
SCE-000020,TX-0000063,SC-010,payment_release,success,delivery_confirmed,0
SCE-000021,TX-0000076,SC-011,quality_gate_passed,success,quality_certificate_verified,0
SCE-000022,TX-0000079,SC-004,quality_gate_passed,success,quality_certificate_verified,0
SCE-000023,TX-0000080,SC-003,quality_gate_passed,success,quality_certificate_verified,0
SCE-000024,TX-0000081,SC-008,payment_release,success,delivery_confirmed,0
SCE-000025,TX-0000082,SC-009,quality_gate_passed,pending,quality_certificate_verified,0
SCE-000026,TX-0000083,SC-011,quality_gate_passed,success,quality_certificate_verified,0
SCE-000027,TX-0000088,SC-010,quality_gate_passed,success,quality_certificate_verified,0
SCE-000028,TX-0000090,SC-010,payment_release,success,delivery_confirmed,0
SCE-000029,TX-0000091,SC-012,payment_release,success,delivery_confirmed,0
SCE-000030,TX-0000093,SC-007,quality_gate_passed,failed,quality_certificate_verified,0
SCE-000031,TX-0000094,SC-011,quality_gate_passed,success,quality_certificate_verified,0
SCE-000032,TX-0000095,SC-004,quality_gate_passed,success,quality_certificate_verified,0
SCE-000033,TX-0000096,SC-010,payment_release,success,delivery_confirmed,0
SCE-000034,TX-0000099,SC-001,payment_release,pending,delivery_confirmed,0
SCE-000035,TX-0000100,SC-008,payment_release,success,delivery_confirmed,0
SCE-000036,TX-0000101,SC-009,quality_gate_passed,success,quality_certificate_verified,0
SCE-000037,TX-0000103,SC-008,payment_release,failed,delivery_confirmed,0
SCE-000038,TX-0000106,SC-002,payment_release,failed,delivery_confirmed,0
SCE-000039,TX-0000107,SC-012,quality_gate_passed,success,quality_certificate_verified,0
SCE-000040,TX-0000111,SC-008,quality_gate_passed,success,quality_certificate_verified,0
SCE-000041,TX-0000113,SC-003,quality_gate_passed,success,quality_certificate_verified,0
SCE-000042,TX-0000115,SC-001,quality_gate_passed,success,quality_certificate_verified,0
SCE-000043,TX-0000117,SC-001,payment_release,success,delivery_confirmed,0
SCE-000044,TX-0000122,SC-010,payment_release,success,delivery_confirmed,0
SCE-000045,TX-0000124,SC-006,quality_gate_passed,failed,quality_certificate_verified,0
SCE-000046,TX-0000125,SC-003,quality_gate_passed,pending,quality_certificate_verified,0
SCE-000047,TX-0000127,SC-005,payment_release,success,delivery_confirmed,0
SCE-000048,TX-0000131,SC-011,quality_gate_passed,success,quality_certificate_verified,0
SCE-000049,TX-0000141,SC-007,quality_gate_passed,success,quality_certificate_verified,0
SCE-000050,TX-0000142,SC-003,quality_gate_passed,success,quality_certificate_verified,0
SCE-000051,TX-0000145,SC-009,payment_release,pending,delivery_confirmed,0
SCE-000052,TX-0000155,SC-003,quality_gate_passed,success,quality_certificate_verified,0
SCE-000053,TX-0000158,SC-007,payment_release,pending,delivery_confirmed,0
SCE-000054,TX-0000160,SC-004,payment_release,pending,delivery_confirmed,0
SCE-000055,TX-0000165,SC-010,quality_gate_passed,success,quality_certificate_verified,0
SCE-000056,TX-0000166,SC-003,payment_release,success,delivery_confirmed,0
SCE-000057,TX-0000167,SC-007,payment_release,success,delivery_confirmed,0
SCE-000058,TX-0000171,SC-012,payment_release,success,delivery_confirmed,0
SCE-000059,TX-0000172,SC-008,quality_gate_passed,success,quality_certificate_verified,0
SCE-000060,TX-0000175,SC-005,quality_gate_passed,success,quality_certificate_verified,0
SCE-000061,TX-0000176,SC-003,payment_release,success,delivery_confirmed,0
SCE-000062,TX-0000179,SC-002,payment_release,success,delivery_confirmed,0
SCE-000063,TX-0000180,SC-008,quality_gate_passed,success,quality_certificate_verified,0
SCE-000064,TX-0000181,SC-005,quality_gate_passed,pending,quality_certificate_verified,0
SCE-000065,TX-0000183,SC-009,payment_release,pending,delivery_confirmed,0
SCE-000066,TX-0000184,SC-011,payment_release,success,delivery_confirmed,0
SCE-000067,TX-0000187,SC-009,payment_release,pending,delivery_confirmed,0
SCE-000068,TX-0000192,SC-012,payment_release,success,delivery_confirmed,0
SCE-000069,TX-0000207,SC-004,payment_release,success,delivery_confirmed,0
SCE-000070,TX-0000208,SC-007,payment_release,success,delivery_confirmed,0
SCE-000071,TX-0000212,SC-012,payment_release,success,delivery_confirmed,1
SCE-000072,TX-0000223,SC-001,payment_release,success,delivery_confirmed,0
SCE-000073,TX-0000228,SC-005,quality_gate_passed,success,quality_certificate_verified,0
SCE-000074,TX-0000233,SC-002,payment_release,failed,delivery_confirmed,0
SCE-000075,TX-0000240,SC-008,payment_release,success,delivery_confirmed,0
SCE-000076,TX-0000245,SC-011,payment_release,failed,delivery_confirmed,0
SCE-000077,TX-0000246,SC-006,quality_gate_passed,failed,quality_certificate_verified,0
SCE-000078,TX-0000250,SC-011,payment_release,success,delivery_confirmed,0
SCE-000079,TX-0000254,SC-011,payment_release,success,delivery_confirmed,0
SCE-000080,TX-0000255,SC-008,payment_release,success,delivery_confirmed,0
SCE-000081,TX-0000259,SC-010,quality_gate_passed,success,quality_certificate_verified,0
SCE-000082,TX-0000266,SC-011,quality_gate_passed,success,quality_certificate_verified,0
SCE-000083,TX-0000272,SC-002,quality_gate_passed,success,quality_certificate_verified,0
SCE-000084,TX-0000274,SC-008,payment_release,success,delivery_confirmed,0
SCE-000085,TX-0000277,SC-012,quality_gate_passed,success,quality_certificate_verified,0
SCE-000086,TX-0000279,SC-001,quality_gate_passed,success,quality_certificate_verified,0
SCE-000087,TX-0000280,SC-005,payment_release,success,delivery_confirmed,0
SCE-000088,TX-0000286,SC-003,payment_release,pending,delivery_confirmed,0
SCE-000089,TX-0000287,SC-002,payment_release,failed,delivery_confirmed,0
SCE-000090,TX-0000294,SC-005,quality_gate_passed,success,quality_certificate_verified,0
SCE-000091,TX-0000296,SC-004,quality_gate_passed,success,quality_certificate_verified,0
SCE-000092,TX-0000300,SC-004,quality_gate_passed,pending,quality_certificate_verified,0
SCE-000093,TX-0000301,SC-011,payment_release,success,delivery_confirmed,0
SCE-000094,TX-0000303,SC-004,quality_gate_passed,success,quality_certificate_verified,0
SCE-000095,TX-0000307,SC-005,quality_gate_passed,success,quality_certificate_verified,0
SCE-000096,TX-0000311,SC-008,quality_gate_passed,success,quality_certificate_verified,1
SCE-000097,TX-0000313,SC-006,quality_gate_passed,pending,quality_certificate_verified,1
SCE-000098,TX-0000314,SC-010,payment_release,success,delivery_confirmed,0
SCE-000099,TX-0000315,SC-011,quality_gate_passed,pending,quality_certificate_verified,0
SCE-000100,TX-0000322,SC-011,payment_release,failed,delivery_confirmed,0
SCE-000101,TX-0000323,SC-011,quality_gate_passed,pending,quality_certificate_verified,0
SCE-000102,TX-0000332,SC-002,quality_gate_passed,success,quality_certificate_verified,0
SCE-000103,TX-0000336,SC-008,payment_release,pending,delivery_confirmed,0
SCE-000104,TX-0000339,SC-005,payment_release,success,delivery_confirmed,0
SCE-000105,TX-0000343,SC-003,quality_gate_passed,success,quality_certificate_verified,0
SCE-000106,TX-0000344,SC-012,quality_gate_passed,success,quality_certificate_verified,0
SCE-000107,TX-0000346,SC-008,quality_gate_passed,success,quality_certificate_verified,0
SCE-000108,TX-0000355,SC-004,quality_gate_passed,success,quality_certificate_verified,0
SCE-000109,TX-0000356,SC-008,payment_release,pending,delivery_confirmed,0
SCE-000110,TX-0000359,SC-004,payment_release,success,delivery_confirmed,0
SCE-000111,TX-0000364,SC-009,quality_gate_passed,success,quality_certificate_verified,0
SCE-000112,TX-0000370,SC-001,payment_release,success,delivery_confirmed,0
SCE-000113,TX-0000372,SC-003,payment_release,success,delivery_confirmed,1
SCE-000114,TX-0000375,SC-008,quality_gate_passed,success,quality_certificate_verified,0
SCE-000115,TX-0000378,SC-008,quality_gate_passed,success,quality_certificate_verified,0
SCE-000116,TX-0000382,SC-004,quality_gate_passed,success,quality_certificate_verified,0
SCE-000117,TX-0000385,SC-011,quality_gate_passed,success,quality_certificate_verified,0
SCE-000118,TX-0000387,SC-012,quality_gate_passed,success,quality_certificate_verified,0
SCE-000119,TX-0000388,SC-004,payment_release,success,delivery_confirmed,0
SCE-000120,TX-0000403,SC-010,payment_release,success,delivery_confirmed,0
SCE-000121,TX-0000407,SC-002,quality_gate_passed,success,quality_certificate_verified,0
SCE-000122,TX-0000418,SC-006,quality_gate_passed,success,quality_certificate_verified,0
SCE-000123,TX-0000422,SC-009,quality_gate_passed,success,quality_certificate_verified,0
SCE-000124,TX-0000424,SC-006,payment_release,success,delivery_confirmed,0
SCE-000125,TX-0000425,SC-006,payment_release,success,delivery_confirmed,0
SCE-000126,TX-0000428,SC-003,quality_gate_passed,pending,quality_certificate_verified,0
SCE-000127,TX-0000429,SC-009,quality_gate_passed,success,quality_certificate_verified,0
SCE-000128,TX-0000430,SC-001,quality_gate_passed,success,quality_certificate_verified,0
SCE-000129,TX-0000432,SC-006,payment_release,success,delivery_confirmed,1
SCE-000130,TX-0000433,SC-004,payment_release,pending,delivery_confirmed,0
SCE-000131,TX-0000441,SC-002,quality_gate_passed,failed,quality_certificate_verified,0
SCE-000132,TX-0000443,SC-008,payment_release,pending,delivery_confirmed,0
SCE-000133,TX-0000447,SC-001,payment_release,success,delivery_confirmed,0
SCE-000134,TX-0000455,SC-009,payment_release,success,delivery_confirmed,0
SCE-000135,TX-0000456,SC-010,payment_release,success,delivery_confirmed,0
SCE-000136,TX-0000464,SC-009,payment_release,success,delivery_confirmed,0
SCE-000137,TX-0000467,SC-011,quality_gate_passed,success,quality_certificate_verified,0
SCE-000138,TX-0000469,SC-008,payment_release,success,delivery_confirmed,0
SCE-000139,TX-0000473,SC-011,payment_release,success,delivery_confirmed,0
SCE-000140,TX-0000478,SC-007,quality_gate_passed,success,quality_certificate_verified,0
SCE-000141,TX-0000479,SC-012,quality_gate_passed,success,quality_certificate_verified,0
SCE-000142,TX-0000483,SC-007,quality_gate_passed,success,quality_certificate_verified,0
SCE-000143,TX-0000487,SC-003,quality_gate_passed,success,quality_certificate_verified,1
SCE-000144,TX-0000493,SC-011,payment_release,success,delivery_confirmed,1
SCE-000145,TX-0000494,SC-003,quality_gate_passed,pending,quality_certificate_verified,0
SCE-000146,TX-0000498,SC-010,quality_gate_passed,success,quality_certificate_verified,0
SCE-000147,TX-0000501,SC-003,quality_gate_passed,success,quality_certificate_verified,0
SCE-000148,TX-0000504,SC-012,quality_gate_passed,success,quality_certificate_verified,0
SCE-000149,TX-0000505,SC-008,quality_gate_passed,success,quality_certificate_verified,0
SCE-000150,TX-0000506,SC-012,payment_release,pending,delivery_confirmed,1
SCE-000151,TX-0000508,SC-008,payment_release,success,delivery_confirmed,0
SCE-000152,TX-0000514,SC-008,quality_gate_passed,success,quality_certificate_verified,0
SCE-000153,TX-0000515,SC-012,quality_gate_passed,success,quality_certificate_verified,0
SCE-000154,TX-0000518,SC-001,quality_gate_passed,success,quality_certificate_verified,1
SCE-000155,TX-0000520,SC-009,payment_release,success,delivery_confirmed,0
SCE-000156,TX-0000523,SC-005,quality_gate_passed,success,quality_certificate_verified,0
SCE-000157,TX-0000530,SC-005,quality_gate_passed,success,quality_certificate_verified,0
SCE-000158,TX-0000534,SC-012,quality_gate_passed,success,quality_certificate_verified,1
SCE-000159,TX-0000535,SC-004,payment_release,success,delivery_confirmed,0
SCE-000160,TX-0000537,SC-012,payment_release,success,delivery_confirmed,0
SCE-000161,TX-0000538,SC-005,quality_gate_passed,pending,quality_certificate_verified,0
SCE-000162,TX-0000541,SC-010,quality_gate_passed,pending,quality_certificate_verified,0
SCE-000163,TX-0000548,SC-006,payment_release,success,delivery_confirmed,0
SCE-000164,TX-0000557,SC-007,quality_gate_passed,success,quality_certificate_verified,0
SCE-000165,TX-0000566,SC-003,payment_release,success,delivery_confirmed,0
SCE-000166,TX-0000570,SC-009,payment_release,success,delivery_confirmed,0
SCE-000167,TX-0000571,SC-008,quality_gate_passed,success,quality_certificate_verified,0
SCE-000168,TX-0000572,SC-010,quality_gate_passed,success,quality_certificate_verified,0
SCE-000169,TX-0000576,SC-002,quality_gate_passed,success,quality_certificate_verified,0
SCE-000170,TX-0000578,SC-004,quality_gate_passed,success,quality_certificate_verified,0
SCE-000171,TX-0000586,SC-003,payment_release,success,delivery_confirmed,0
SCE-000172,TX-0000588,SC-009,payment_release,success,delivery_confirmed,0
SCE-000173,TX-0000593,SC-006,payment_release,success,delivery_confirmed,0
SCE-000174,TX-0000605,SC-010,quality_gate_passed,success,quality_certificate_verified,0
SCE-000175,TX-0000608,SC-008,payment_release,success,delivery_confirmed,0
SCE-000176,TX-0000611,SC-008,payment_release,success,delivery_confirmed,0
SCE-000177,TX-0000618,SC-008,quality_gate_passed,success,quality_certificate_verified,0
SCE-000178,TX-0000619,SC-008,quality_gate_passed,pending,quality_certificate_verified,0
SCE-000179,TX-0000621,SC-002,payment_release,success,delivery_confirmed,0
SCE-000180,TX-0000623,SC-009,quality_gate_passed,success,quality_certificate_verified,0
SCE-000181,TX-0000624,SC-005,quality_gate_passed,success,quality_certificate_verified,0
SCE-000182,TX-0000625,SC-007,payment_release,failed,delivery_confirmed,0
SCE-000183,TX-0000626,SC-010,payment_release,failed,delivery_confirmed,1
SCE-000184,TX-0000630,SC-008,quality_gate_passed,success,quality_certificate_verified,0
SCE-000185,TX-0000635,SC-004,quality_gate_passed,success,quality_certificate_verified,0
SCE-000186,TX-0000637,SC-004,quality_gate_passed,success,quality_certificate_verified,0
SCE-000187,TX-0000641,SC-009,quality_gate_passed,pending,quality_certificate_verified,0
SCE-000188,TX-0000648,SC-007,payment_release,success,delivery_confirmed,0
SCE-000189,TX-0000650,SC-001,quality_gate_passed,pending,quality_certificate_verified,0
SCE-000190,TX-0000651,SC-007,payment_release,success,delivery_confirmed,0
SCE-000191,TX-0000655,SC-009,payment_release,success,delivery_confirmed,0
SCE-000192,TX-0000659,SC-009,quality_gate_passed,success,quality_certificate_verified,0
SCE-000193,TX-0000663,SC-003,payment_release,pending,delivery_confirmed,0
SCE-000194,TX-0000668,SC-003,quality_gate_passed,success,quality_certificate_verified,0
SCE-000195,TX-0000672,SC-003,quality_gate_passed,success,quality_certificate_verified,0
SCE-000196,TX-0000673,SC-009,quality_gate_passed,success,quality_certificate_verified,0
SCE-000197,TX-0000675,SC-012,payment_release,success,delivery_confirmed,0
SCE-000198,TX-0000682,SC-001,payment_release,success,delivery_confirmed,0
SCE-000199,TX-0000687,SC-008,payment_release,success,delivery_confirmed,0
SCE-000200,TX-0000689,SC-002,payment_release,success,delivery_confirmed,0
SCE-000201,TX-0000691,SC-007,quality_gate_passed,success,quality_certificate_verified,1
SCE-000202,TX-0000693,SC-008,payment_release,success,delivery_confirmed,0
SCE-000203,TX-0000703,SC-001,payment_release,success,delivery_confirmed,0
SCE-000204,TX-0000708,SC-012,quality_gate_passed,success,quality_certificate_verified,0
SCE-000205,TX-0000716,SC-005,quality_gate_passed,success,quality_certificate_verified,0
SCE-000206,TX-0000717,SC-003,payment_release,success,delivery_confirmed,0
SCE-000207,TX-0000718,SC-005,quality_gate_passed,failed,quality_certificate_verified,1
SCE-000208,TX-0000719,SC-012,payment_release,success,delivery_confirmed,0
SCE-000209,TX-0000721,SC-004,payment_release,success,delivery_confirmed,0
SCE-000210,TX-0000722,SC-010,payment_release,success,delivery_confirmed,0
SCE-000211,TX-0000726,SC-012,quality_gate_passed,pending,quality_certificate_verified,0
SCE-000212,TX-0000727,SC-010,payment_release,success,delivery_confirmed,0
SCE-000213,TX-0000728,SC-007,payment_release,success,delivery_confirmed,0
SCE-000214,TX-0000729,SC-002,payment_release,pending,delivery_confirmed,0
SCE-000215,TX-0000734,SC-008,payment_release,success,delivery_confirmed,0
SCE-000216,TX-0000737,SC-002,payment_release,success,delivery_confirmed,0
SCE-000217,TX-0000738,SC-001,quality_gate_passed,success,quality_certificate_verified,0
SCE-000218,TX-0000740,SC-006,quality_gate_passed,pending,quality_certificate_verified,0
SCE-000219,TX-0000742,SC-001,quality_gate_passed,pending,quality_certificate_verified,0
SCE-000220,TX-0000744,SC-006,payment_release,failed,delivery_confirmed,0
SCE-000221,TX-0000745,SC-011,payment_release,success,delivery_confirmed,0
SCE-000222,TX-0000747,SC-004,quality_gate_passed,pending,quality_certificate_verified,0
SCE-000223,TX-0000748,SC-004,quality_gate_passed,success,quality_certificate_verified,0
SCE-000224,TX-0000749,SC-005,payment_release,success,delivery_confirmed,0
SCE-000225,TX-0000750,SC-010,quality_gate_passed,success,quality_certificate_verified,0
SCE-000226,TX-0000755,SC-010,payment_release,success,delivery_confirmed,0
SCE-000227,TX-0000757,SC-003,payment_release,success,delivery_confirmed,0
SCE-000228,TX-0000759,SC-008,quality_gate_passed,success,quality_certificate_verified,0
SCE-000229,TX-0000760,SC-006,payment_release,success,delivery_confirmed,0
SCE-000230,TX-0000766,SC-011,payment_release,success,delivery_confirmed,0
SCE-000231,TX-0000770,SC-007,payment_release,success,delivery_confirmed,0
SCE-000232,TX-0000774,SC-001,quality_gate_passed,success,quality_certificate_verified,0
SCE-000233,TX-0000784,SC-005,quality_gate_passed,pending,quality_certificate_verified,0
SCE-000234,TX-0000786,SC-001,payment_release,failed,delivery_confirmed,0
SCE-000235,TX-0000795,SC-006,payment_release,success,delivery_confirmed,0
SCE-000236,TX-0000803,SC-010,quality_gate_passed,success,quality_certificate_verified,0
SCE-000237,TX-0000805,SC-006,quality_gate_passed,pending,quality_certificate_verified,1
SCE-000238,TX-0000809,SC-002,payment_release,success,delivery_confirmed,0
SCE-000239,TX-0000811,SC-007,payment_release,success,delivery_confirmed,0
SCE-000240,TX-0000812,SC-012,quality_gate_passed,success,quality_certificate_verified,0
SCE-000241,TX-0000820,SC-010,quality_gate_passed,success,quality_certificate_verified,0
SCE-000242,TX-0000830,SC-011,quality_gate_passed,success,quality_certificate_verified,1
SCE-000243,TX-0000834,SC-006,quality_gate_passed,success,quality_certificate_verified,0
SCE-000244,TX-0000835,SC-001,payment_release,success,delivery_confirmed,0
SCE-000245,TX-0000838,SC-005,quality_gate_passed,success,quality_certificate_verified,0
SCE-000246,TX-0000845,SC-002,quality_gate_passed,failed,quality_certificate_verified,0
SCE-000247,TX-0000848,SC-003,quality_gate_passed,success,quality_certificate_verified,0
SCE-000248,TX-0000849,SC-009,quality_gate_passed,success,quality_certificate_verified,0
SCE-000249,TX-0000858,SC-008,quality_gate_passed,success,quality_certificate_verified,1
SCE-000250,TX-0000860,SC-010,quality_gate_passed,pending,quality_certificate_verified,0
SCE-000251,TX-0000864,SC-012,quality_gate_passed,success,quality_certificate_verified,0
SCE-000252,TX-0000866,SC-009,quality_gate_passed,success,quality_certificate_verified,0
SCE-000253,TX-0000867,SC-003,quality_gate_passed,pending,quality_certificate_verified,0
SCE-000254,TX-0000878,SC-003,payment_release,success,delivery_confirmed,0
SCE-000255,TX-0000879,SC-009,quality_gate_passed,success,quality_certificate_verified,0
SCE-000256,TX-0000881,SC-003,payment_release,pending,delivery_confirmed,0
SCE-000257,TX-0000885,SC-007,quality_gate_passed,success,quality_certificate_verified,0
SCE-000258,TX-0000887,SC-007,payment_release,success,delivery_confirmed,0
SCE-000259,TX-0000894,SC-002,payment_release,success,delivery_confirmed,0
SCE-000260,TX-0000896,SC-007,payment_release,pending,delivery_confirmed,0
SCE-000261,TX-0000899,SC-004,payment_release,success,delivery_confirmed,0
SCE-000262,TX-0000900,SC-005,payment_release,success,delivery_confirmed,1
SCE-000263,TX-0000905,SC-008,payment_release,success,delivery_confirmed,0
SCE-000264,TX-0000906,SC-009,quality_gate_passed,pending,quality_certificate_verified,0
SCE-000265,TX-0000912,SC-005,quality_gate_passed,success,quality_certificate_verified,0
SCE-000266,TX-0000914,SC-001,quality_gate_passed,success,quality_certificate_verified,0
SCE-000267,TX-0000920,SC-004,quality_gate_passed,success,quality_certificate_verified,1
SCE-000268,TX-0000921,SC-001,payment_release,success,delivery_confirmed,0
SCE-000269,TX-0000925,SC-006,quality_gate_passed,pending,quality_certificate_verified,0
SCE-000270,TX-0000928,SC-007,payment_release,success,delivery_confirmed,1
SCE-000271,TX-0000930,SC-005,payment_release,success,delivery_confirmed,0
SCE-000272,TX-0000933,SC-009,quality_gate_passed,success,quality_certificate_verified,1
SCE-000273,TX-0000937,SC-007,quality_gate_passed,pending,quality_certificate_verified,0
SCE-000274,TX-0000942,SC-005,quality_gate_passed,pending,quality_certificate_verified,0
SCE-000275,TX-0000943,SC-010,quality_gate_passed,success,quality_certificate_verified,0
SCE-000276,TX-0000944,SC-007,payment_release,pending,delivery_confirmed,0
SCE-000277,TX-0000946,SC-006,quality_gate_passed,success,quality_certificate_verified,0
SCE-000278,TX-0000949,SC-008,quality_gate_passed,success,quality_certificate_verified,1
SCE-000279,TX-0000950,SC-002,quality_gate_passed,success,quality_certificate_verified,0
SCE-000280,TX-0000951,SC-011,payment_release,success,delivery_confirmed,0
SCE-000281,TX-0000953,SC-003,quality_gate_passed,success,quality_certificate_verified,0
SCE-000282,TX-0000959,SC-012,quality_gate_passed,success,quality_certificate_verified,0
SCE-000283,TX-0000963,SC-011,payment_release,success,delivery_confirmed,0
SCE-000284,TX-0000965,SC-002,payment_release,success,delivery_confirmed,0
SCE-000285,TX-0000967,SC-012,payment_release,pending,delivery_confirmed,0
SCE-000286,TX-0000970,SC-004,quality_gate_passed,success,quality_certificate_verified,0
SCE-000287,TX-0000971,SC-008,payment_release,success,delivery_confirmed,0
SCE-000288,TX-0000973,SC-006,payment_release,success,delivery_confirmed,0
SCE-000289,TX-0000978,SC-009,quality_gate_passed,success,quality_certificate_verified,0
SCE-000290,TX-0000982,SC-003,quality_gate_passed,success,quality_certificate_verified,0
SCE-000291,TX-0000984,SC-002,payment_release,success,delivery_confirmed,1
SCE-000292,TX-0000988,SC-011,quality_gate_passed,success,quality_certificate_verified,0
SCE-000293,TX-0000989,SC-009,payment_release,success,delivery_confirmed,0
SCE-000294,TX-0000990,SC-012,quality_gate_passed,success,quality_certificate_verified,0
SCE-000295,TX-0000995,SC-010,payment_release,success,delivery_confirmed,0
SCE-000296,TX-0000996,SC-012,quality_gate_passed,failed,quality_certificate_verified,0
SCE-000297,TX-0000999,SC-005,payment_release,pending,delivery_confirmed,0
SCE-000298,TX-0001000,SC-004,quality_gate_passed,success,quality_certificate_verified,0
SCE-000299,TX-0001010,SC-010,payment_release,failed,delivery_confirmed,0
SCE-000300,TX-0001017,SC-009,payment_release,success,delivery_confirmed,0
SCE-000301,TX-0001018,SC-001,quality_gate_passed,success,quality_certificate_verified,0
SCE-000302,TX-0001019,SC-007,payment_release,success,delivery_confirmed,1
SCE-000303,TX-0001020,SC-007,payment_release,success,delivery_confirmed,0
SCE-000304,TX-0001025,SC-001,quality_gate_passed,success,quality_certificate_verified,0
SCE-000305,TX-0001028,SC-004,quality_gate_passed,success,quality_certificate_verified,0
SCE-000306,TX-0001029,SC-004,payment_release,pending,delivery_confirmed,0
SCE-000307,TX-0001033,SC-010,quality_gate_passed,success,quality_certificate_verified,0
SCE-000308,TX-0001034,SC-007,quality_gate_passed,success,quality_certificate_verified,0
SCE-000309,TX-0001037,SC-012,quality_gate_passed,success,quality_certificate_verified,0
SCE-000310,TX-0001038,SC-003,payment_release,pending,delivery_confirmed,0
SCE-000311,TX-0001039,SC-002,payment_release,success,delivery_confirmed,0
SCE-000312,TX-0001042,SC-011,payment_release,success,delivery_confirmed,0
SCE-000313,TX-0001052,SC-004,payment_release,success,delivery_confirmed,0
SCE-000314,TX-0001054,SC-006,quality_gate_passed,success,quality_certificate_verified,0
SCE-000315,TX-0001055,SC-002,payment_release,pending,delivery_confirmed,0
SCE-000316,TX-0001057,SC-005,quality_gate_passed,success,quality_certificate_verified,0
SCE-000317,TX-0001058,SC-004,quality_gate_passed,success,quality_certificate_verified,0
SCE-000318,TX-0001064,SC-007,payment_release,success,delivery_confirmed,0
SCE-000319,TX-0001065,SC-003,payment_release,success,delivery_confirmed,1
SCE-000320,TX-0001066,SC-012,quality_gate_passed,success,quality_certificate_verified,0
SCE-000321,TX-0001077,SC-010,payment_release,success,delivery_confirmed,0
SCE-000322,TX-0001078,SC-008,payment_release,success,delivery_confirmed,0
SCE-000323,TX-0001081,SC-002,payment_release,success,delivery_confirmed,0
SCE-000324,TX-0001090,SC-010,quality_gate_passed,success,quality_certificate_verified,0
SCE-000325,TX-0001091,SC-007,quality_gate_passed,success,quality_certificate_verified,1
SCE-000326,TX-0001092,SC-004,payment_release,success,delivery_confirmed,0
SCE-000327,TX-0001093,SC-006,quality_gate_passed,success,quality_certificate_verified,1
SCE-000328,TX-0001094,SC-009,payment_release,success,delivery_confirmed,0
SCE-000329,TX-0001100,SC-003,payment_release,success,delivery_confirmed,0
SCE-000330,TX-0001109,SC-004,quality_gate_passed,success,quality_certificate_verified,0
SCE-000331,TX-0001112,SC-005,payment_release,success,delivery_confirmed,0
SCE-000332,TX-0001113,SC-010,quality_gate_passed,pending,quality_certificate_verified,0
SCE-000333,TX-0001115,SC-006,payment_release,success,delivery_confirmed,0
SCE-000334,TX-0001116,SC-005,quality_gate_passed,failed,quality_certificate_verified,0
SCE-000335,TX-0001119,SC-008,payment_release,success,delivery_confirmed,0
SCE-000336,TX-0001133,SC-001,payment_release,success,delivery_confirmed,1
SCE-000337,TX-0001137,SC-003,quality_gate_passed,success,quality_certificate_verified,0
SCE-000338,TX-0001140,SC-012,payment_release,pending,delivery_confirmed,1
SCE-000339,TX-0001141,SC-010,quality_gate_passed,success,quality_certificate_verified,0
SCE-000340,TX-0001148,SC-008,payment_release,success,delivery_confirmed,0
SCE-000341,TX-0001152,SC-003,quality_gate_passed,success,quality_certificate_verified,0
SCE-000342,TX-0001153,SC-011,payment_release,pending,delivery_confirmed,0
SCE-000343,TX-0001157,SC-011,quality_gate_passed,success,quality_certificate_verified,0
SCE-000344,TX-0001160,SC-002,quality_gate_passed,success,quality_certificate_verified,0
SCE-000345,TX-0001166,SC-001,quality_gate_passed,success,quality_certificate_verified,0
SCE-000346,TX-0001177,SC-002,quality_gate_passed,success,quality_certificate_verified,0
SCE-000347,TX-0001178,SC-008,quality_gate_passed,success,quality_certificate_verified,0
SCE-000348,TX-0001189,SC-009,payment_release,pending,delivery_confirmed,0
SCE-000349,TX-0001192,SC-001,quality_gate_passed,success,quality_certificate_verified,0
SCE-000350,TX-0001195,SC-012,payment_release,success,delivery_confirmed,0
SCE-000351,TX-0001203,SC-004,quality_gate_passed,success,quality_certificate_verified,0
SCE-000352,TX-0001204,SC-007,quality_gate_passed,success,quality_certificate_verified,0
SCE-000353,TX-0001207,SC-002,payment_release,success,delivery_confirmed,0
SCE-000354,TX-0001208,SC-012,payment_release,success,delivery_confirmed,0
SCE-000355,TX-0001217,SC-009,payment_release,success,delivery_confirmed,0
SCE-000356,TX-0001220,SC-001,payment_release,pending,delivery_confirmed,0
SCE-000357,TX-0001221,SC-012,payment_release,success,delivery_confirmed,0
SCE-000358,TX-0001222,SC-010,payment_release,pending,delivery_confirmed,0
SCE-000359,TX-0001223,SC-005,payment_release,success,delivery_confirmed,0
SCE-000360,TX-0001225,SC-004,payment_release,success,delivery_confirmed,0
SCE-000361,TX-0001226,SC-001,quality_gate_passed,success,quality_certificate_verified,0
SCE-000362,TX-0001235,SC-006,payment_release,pending,delivery_confirmed,0
SCE-000363,TX-0001236,SC-007,payment_release,success,delivery_confirmed,0
SCE-000364,TX-0001244,SC-009,quality_gate_passed,pending,quality_certificate_verified,0
SCE-000365,TX-0001245,SC-011,quality_gate_passed,success,quality_certificate_verified,0
SCE-000366,TX-0001248,SC-012,quality_gate_passed,success,quality_certificate_verified,0
SCE-000367,TX-0001253,SC-010,payment_release,success,delivery_confirmed,0
SCE-000368,TX-0001254,SC-002,quality_gate_passed,failed,quality_certificate_verified,0
SCE-000369,TX-0001256,SC-001,quality_gate_passed,success,quality_certificate_verified,0
SCE-000370,TX-0001257,SC-009,quality_gate_passed,pending,quality_certificate_verified,0
SCE-000371,TX-0001259,SC-004,quality_gate_passed,pending,quality_certificate_verified,0
SCE-000372,TX-0001267,SC-009,payment_release,success,delivery_confirmed,0
SCE-000373,TX-0001272,SC-006,quality_gate_passed,success,quality_certificate_verified,0
SCE-000374,TX-0001274,SC-007,payment_release,success,delivery_confirmed,0
SCE-000375,TX-0001275,SC-001,quality_gate_passed,success,quality_certificate_verified,0
SCE-000376,TX-0001285,SC-006,quality_gate_passed,success,quality_certificate_verified,0
SCE-000377,TX-0001289,SC-002,quality_gate_passed,success,quality_certificate_verified,0
SCE-000378,TX-0001290,SC-009,payment_release,success,delivery_confirmed,0
SCE-000379,TX-0001292,SC-005,quality_gate_passed,pending,quality_certificate_verified,0
SCE-000380,TX-0001293,SC-004,quality_gate_passed,success,quality_certificate_verified,0
SCE-000381,TX-0001297,SC-007,quality_gate_passed,success,quality_certificate_verified,0
SCE-000382,TX-0001301,SC-002,quality_gate_passed,success,quality_certificate_verified,0
SCE-000383,TX-0001302,SC-012,quality_gate_passed,success,quality_certificate_verified,0
SCE-000384,TX-0001303,SC-009,payment_release,pending,delivery_confirmed,0
SCE-000385,TX-0001305,SC-005,quality_gate_passed,failed,quality_certificate_verified,0
SCE-000386,TX-0001311,SC-001,quality_gate_passed,success,quality_certificate_verified,0
SCE-000387,TX-0001319,SC-003,quality_gate_passed,success,quality_certificate_verified,0
SCE-000388,TX-0001321,SC-002,payment_release,success,delivery_confirmed,0
SCE-000389,TX-0001328,SC-006,payment_release,success,delivery_confirmed,1
SCE-000390,TX-0001329,SC-005,quality_gate_passed,success,quality_certificate_verified,0
SCE-000391,TX-0001338,SC-003,payment_release,failed,delivery_confirmed,0
SCE-000392,TX-0001339,SC-011,quality_gate_passed,pending,quality_certificate_verified,0
SCE-000393,TX-0001341,SC-008,payment_release,pending,delivery_confirmed,0
SCE-000394,TX-0001342,SC-009,payment_release,success,delivery_confirmed,0
SCE-000395,TX-0001357,SC-007,payment_release,success,delivery_confirmed,0
SCE-000396,TX-0001358,SC-003,quality_gate_passed,success,quality_certificate_verified,0
SCE-000397,TX-0001362,SC-004,payment_release,pending,delivery_confirmed,0
SCE-000398,TX-0001364,SC-006,quality_gate_passed,success,quality_certificate_verified,0
SCE-000399,TX-0001370,SC-002,payment_release,success,delivery_confirmed,0
SCE-000400,TX-0001372,SC-010,payment_release,success,delivery_confirmed,0
SCE-000401,TX-0001385,SC-007,quality_gate_passed,success,quality_certificate_verified,0
SCE-000402,TX-0001386,SC-009,payment_release,success,delivery_confirmed,1
SCE-000403,TX-0001387,SC-011,quality_gate_passed,success,quality_certificate_verified,0
SCE-000404,TX-0001391,SC-004,payment_release,success,delivery_confirmed,0
SCE-000405,TX-0001398,SC-008,payment_release,success,delivery_confirmed,0
SCE-000406,TX-0001399,SC-007,quality_gate_passed,success,quality_certificate_verified,0
SCE-000407,TX-0001401,SC-009,payment_release,success,delivery_confirmed,0
SCE-000408,TX-0001402,SC-011,quality_gate_passed,pending,quality_certificate_verified,0
SCE-000409,TX-0001414,SC-008,payment_release,success,delivery_confirmed,0
SCE-000410,TX-0001415,SC-012,payment_release,success,delivery_confirmed,0
SCE-000411,TX-0001416,SC-007,quality_gate_passed,success,quality_certificate_verified,0
SCE-000412,TX-0001417,SC-010,payment_release,pending,delivery_confirmed,0
SCE-000413,TX-0001430,SC-002,quality_gate_passed,pending,quality_certificate_verified,0
SCE-000414,TX-0001435,SC-011,payment_release,success,delivery_confirmed,0
SCE-000415,TX-0001437,SC-007,quality_gate_passed,failed,quality_certificate_verified,0
SCE-000416,TX-0001438,SC-010,quality_gate_passed,failed,quality_certificate_verified,0
SCE-000417,TX-0001440,SC-002,payment_release,success,delivery_confirmed,0
SCE-000418,TX-0001441,SC-007,payment_release,failed,delivery_confirmed,0
SCE-000419,TX-0001448,SC-003,quality_gate_passed,success,quality_certificate_verified,0
SCE-000420,TX-0001449,SC-003,payment_release,success,delivery_confirmed,0
SCE-000421,TX-0001450,SC-006,payment_release,success,delivery_confirmed,0
SCE-000422,TX-0001452,SC-011,payment_release,success,delivery_confirmed,0
SCE-000423,TX-0001455,SC-005,payment_release,success,delivery_confirmed,0
SCE-000424,TX-0001459,SC-006,quality_gate_passed,success,quality_certificate_verified,0
SCE-000425,TX-0001463,SC-009,quality_gate_passed,success,quality_certificate_verified,1
SCE-000426,TX-0001465,SC-009,quality_gate_passed,success,quality_certificate_verified,0
SCE-000427,TX-0001466,SC-011,quality_gate_passed,success,quality_certificate_verified,0
SCE-000428,TX-0001469,SC-004,quality_gate_passed,success,quality_certificate_verified,0
SCE-000429,TX-0001473,SC-010,payment_release,success,delivery_confirmed,0
SCE-000430,TX-0001479,SC-010,payment_release,success,delivery_confirmed,0
SCE-000431,TX-0001482,SC-006,payment_release,success,delivery_confirmed,0
SCE-000432,TX-0001483,SC-008,quality_gate_passed,success,quality_certificate_verified,0
SCE-000433,TX-0001484,SC-001,quality_gate_passed,success,quality_certificate_verified,0
SCE-000434,TX-0001485,SC-003,payment_release,success,delivery_confirmed,0
SCE-000435,TX-0001487,SC-010,payment_release,success,delivery_confirmed,0
SCE-000436,TX-0001490,SC-010,payment_release,pending,delivery_confirmed,0
SCE-000437,TX-0001491,SC-006,payment_release,success,delivery_confirmed,0
SCE-000438,TX-0001492,SC-008,payment_release,success,delivery_confirmed,1
SCE-000439,TX-0001493,SC-004,payment_release,failed,delivery_confirmed,0
SCE-000440,TX-0001501,SC-011,payment_release,success,delivery_confirmed,0
SCE-000441,TX-0001504,SC-008,quality_gate_passed,success,quality_certificate_verified,0
SCE-000442,TX-0001507,SC-004,quality_gate_passed,success,quality_certificate_verified,0
SCE-000443,TX-0001514,SC-007,payment_release,success,delivery_confirmed,0
SCE-000444,TX-0001516,SC-007,quality_gate_passed,pending,quality_certificate_verified,0
SCE-000445,TX-0001518,SC-006,payment_release,failed,delivery_confirmed,0
SCE-000446,TX-0001528,SC-004,payment_release,failed,delivery_confirmed,0
SCE-000447,TX-0001529,SC-011,quality_gate_passed,success,quality_certificate_verified,0
SCE-000448,TX-0001530,SC-010,payment_release,success,delivery_confirmed,0
SCE-000449,TX-0001531,SC-007,payment_release,success,delivery_confirmed,1
SCE-000450,TX-0001533,SC-001,payment_release,pending,delivery_confirmed,0
SCE-000451,TX-0001534,SC-012,payment_release,success,delivery_confirmed,0
SCE-000452,TX-0001535,SC-011,payment_release,pending,delivery_confirmed,0
SCE-000453,TX-0001537,SC-006,quality_gate_passed,success,quality_certificate_verified,0
SCE-000454,TX-0001540,SC-012,payment_release,success,delivery_confirmed,1
SCE-000455,TX-0001541,SC-007,payment_release,success,delivery_confirmed,0
SCE-000456,TX-0001543,SC-006,quality_gate_passed,success,quality_certificate_verified,0
SCE-000457,TX-0001544,SC-002,quality_gate_passed,success,quality_certificate_verified,0
SCE-000458,TX-0001547,SC-001,quality_gate_passed,success,quality_certificate_verified,0
SCE-000459,TX-0001551,SC-012,quality_gate_passed,success,quality_certificate_verified,0
SCE-000460,TX-0001553,SC-005,quality_gate_passed,success,quality_certificate_verified,1
SCE-000461,TX-0001554,SC-002,quality_gate_passed,success,quality_certificate_verified,0
SCE-000462,TX-0001557,SC-010,quality_gate_passed,pending,quality_certificate_verified,0
SCE-000463,TX-0001560,SC-010,quality_gate_passed,failed,quality_certificate_verified,0
SCE-000464,TX-0001561,SC-003,payment_release,success,delivery_confirmed,0
SCE-000465,TX-0001563,SC-009,payment_release,success,delivery_confirmed,0
SCE-000466,TX-0001564,SC-011,quality_gate_passed,success,quality_certificate_verified,0
SCE-000467,TX-0001565,SC-007,payment_release,success,delivery_confirmed,0
SCE-000468,TX-0001572,SC-010,quality_gate_passed,success,quality_certificate_verified,1
SCE-000469,TX-0001575,SC-011,quality_gate_passed,success,quality_certificate_verified,0
SCE-000470,TX-0001576,SC-001,quality_gate_passed,success,quality_certificate_verified,0
SCE-000471,TX-0001577,SC-001,quality_gate_passed,success,quality_certificate_verified,0
SCE-000472,TX-0001581,SC-010,quality_gate_passed,success,quality_certificate_verified,0
SCE-000473,TX-0001587,SC-001,quality_gate_passed,success,quality_certificate_verified,0
SCE-000474,TX-0001588,SC-012,payment_release,success,delivery_confirmed,0
SCE-000475,TX-0001591,SC-006,quality_gate_passed,pending,quality_certificate_verified,0
SCE-000476,TX-0001596,SC-009,payment_release,success,delivery_confirmed,0
SCE-000477,TX-0001598,SC-010,payment_release,success,delivery_confirmed,0
SCE-000478,TX-0001603,SC-002,quality_gate_passed,success,quality_certificate_verified,0
SCE-000479,TX-0001607,SC-011,quality_gate_passed,success,quality_certificate_verified,0
SCE-000480,TX-0001612,SC-004,payment_release,failed,delivery_confirmed,0
SCE-000481,TX-0001621,SC-001,quality_gate_passed,failed,quality_certificate_verified,0
SCE-000482,TX-0001627,SC-007,payment_release,pending,delivery_confirmed,0
SCE-000483,TX-0001632,SC-005,payment_release,pending,delivery_confirmed,0
SCE-000484,TX-0001636,SC-001,payment_release,success,delivery_confirmed,0
SCE-000485,TX-0001637,SC-012,payment_release,success,delivery_confirmed,1
SCE-000486,TX-0001639,SC-001,quality_gate_passed,success,quality_certificate_verified,1
SCE-000487,TX-0001651,SC-006,payment_release,success,delivery_confirmed,0
SCE-000488,TX-0001652,SC-001,payment_release,failed,delivery_confirmed,0
SCE-000489,TX-0001654,SC-003,payment_release,failed,delivery_confirmed,0
SCE-000490,TX-0001656,SC-007,payment_release,success,delivery_confirmed,0
SCE-000491,TX-0001657,SC-003,payment_release,success,delivery_confirmed,0
SCE-000492,TX-0001659,SC-003,quality_gate_passed,pending,quality_certificate_verified,0
SCE-000493,TX-0001662,SC-002,quality_gate_passed,success,quality_certificate_verified,0
SCE-000494,TX-0001666,SC-008,payment_release,success,delivery_confirmed,0
SCE-000495,TX-0001670,SC-009,quality_gate_passed,success,quality_certificate_verified,0
SCE-000496,TX-0001674,SC-002,quality_gate_passed,success,quality_certificate_verified,0
SCE-000497,TX-0001676,SC-010,quality_gate_passed,success,quality_certificate_verified,0
SCE-000498,TX-0001677,SC-009,quality_gate_passed,success,quality_certificate_verified,0
SCE-000499,TX-0001684,SC-010,quality_gate_passed,success,quality_certificate_verified,0
SCE-000500,TX-0001688,SC-002,quality_gate_passed,success,quality_certificate_verified,0
SCE-000501,TX-0001691,SC-002,payment_release,success,delivery_confirmed,0
SCE-000502,TX-0001693,SC-003,payment_release,success,delivery_confirmed,0
SCE-000503,TX-0001702,SC-002,payment_release,success,delivery_confirmed,0
SCE-000504,TX-0001704,SC-010,quality_gate_passed,success,quality_certificate_verified,0
SCE-000505,TX-0001707,SC-004,quality_gate_passed,success,quality_certificate_verified,1
SCE-000506,TX-0001709,SC-006,quality_gate_passed,failed,quality_certificate_verified,0
SCE-000507,TX-0001717,SC-011,quality_gate_passed,success,quality_certificate_verified,0
SCE-000508,TX-0001718,SC-010,payment_release,success,delivery_confirmed,0
SCE-000509,TX-0001719,SC-009,quality_gate_passed,success,quality_certificate_verified,0
SCE-000510,TX-0001720,SC-001,payment_release,success,delivery_confirmed,0
SCE-000511,TX-0001732,SC-008,payment_release,success,delivery_confirmed,0
SCE-000512,TX-0001733,SC-009,quality_gate_passed,success,quality_certificate_verified,0
SCE-000513,TX-0001745,SC-007,quality_gate_passed,success,quality_certificate_verified,0
SCE-000514,TX-0001749,SC-002,payment_release,success,delivery_confirmed,0
SCE-000515,TX-0001752,SC-004,payment_release,success,delivery_confirmed,0
SCE-000516,TX-0001755,SC-012,quality_gate_passed,success,quality_certificate_verified,0
SCE-000517,TX-0001758,SC-001,quality_gate_passed,success,quality_certificate_verified,0
SCE-000518,TX-0001760,SC-003,payment_release,failed,delivery_confirmed,0
SCE-000519,TX-0001761,SC-003,quality_gate_passed,success,quality_certificate_verified,0
SCE-000520,TX-0001765,SC-012,quality_gate_passed,success,quality_certificate_verified,0
SCE-000521,TX-0001766,SC-011,payment_release,success,delivery_confirmed,0
SCE-000522,TX-0001770,SC-002,quality_gate_passed,success,quality_certificate_verified,0
SCE-000523,TX-0001774,SC-007,payment_release,success,delivery_confirmed,0
SCE-000524,TX-0001783,SC-006,quality_gate_passed,success,quality_certificate_verified,0
SCE-000525,TX-0001791,SC-001,quality_gate_passed,success,quality_certificate_verified,0
SCE-000526,TX-0001793,SC-010,payment_release,success,delivery_confirmed,0
SCE-000527,TX-0001794,SC-004,payment_release,success,delivery_confirmed,0
SCE-000528,TX-0001798,SC-011,payment_release,pending,delivery_confirmed,0
SCE-000529,TX-0001800,SC-001,quality_gate_passed,failed,quality_certificate_verified,0
SCE-000530,TX-0001803,SC-002,payment_release,success,delivery_confirmed,0
SCE-000531,TX-0001806,SC-002,quality_gate_passed,success,quality_certificate_verified,0
SCE-000532,TX-0001810,SC-002,quality_gate_passed,pending,quality_certificate_verified,0
SCE-000533,TX-0001813,SC-007,quality_gate_passed,success,quality_certificate_verified,0
SCE-000534,TX-0001814,SC-006,quality_gate_passed,success,quality_certificate_verified,0
SCE-000535,TX-0001819,SC-005,payment_release,success,delivery_confirmed,0
SCE-000536,TX-0001820,SC-006,quality_gate_passed,success,quality_certificate_verified,0
SCE-000537,TX-0001825,SC-001,quality_gate_passed,success,quality_certificate_verified,0
SCE-000538,TX-0001826,SC-011,payment_release,success,delivery_confirmed,1
SCE-000539,TX-0001827,SC-002,quality_gate_passed,pending,quality_certificate_verified,0
SCE-000540,TX-0001831,SC-007,quality_gate_passed,pending,quality_certificate_verified,1
SCE-000541,TX-0001841,SC-011,quality_gate_passed,pending,quality_certificate_verified,0
SCE-000542,TX-0001844,SC-008,payment_release,pending,delivery_confirmed,0
SCE-000543,TX-0001845,SC-003,payment_release,success,delivery_confirmed,0
SCE-000544,TX-0001846,SC-012,quality_gate_passed,pending,quality_certificate_verified,0
SCE-000545,TX-0001851,SC-005,quality_gate_passed,pending,quality_certificate_verified,0
SCE-000546,TX-0001853,SC-005,payment_release,pending,delivery_confirmed,0
SCE-000547,TX-0001858,SC-010,quality_gate_passed,success,quality_certificate_verified,0
SCE-000548,TX-0001860,SC-005,quality_gate_passed,success,quality_certificate_verified,0
SCE-000549,TX-0001862,SC-011,quality_gate_passed,success,quality_certificate_verified,0
SCE-000550,TX-0001867,SC-009,quality_gate_passed,success,quality_certificate_verified,0
SCE-000551,TX-0001869,SC-012,quality_gate_passed,success,quality_certificate_verified,0
SCE-000552,TX-0001872,SC-007,quality_gate_passed,success,quality_certificate_verified,0
SCE-000553,TX-0001873,SC-007,quality_gate_passed,success,quality_certificate_verified,0
SCE-000554,TX-0001874,SC-011,quality_gate_passed,success,quality_certificate_verified,0
SCE-000555,TX-0001875,SC-007,quality_gate_passed,pending,quality_certificate_verified,0
SCE-000556,TX-0001876,SC-004,payment_release,success,delivery_confirmed,0
SCE-000557,TX-0001881,SC-008,quality_gate_passed,success,quality_certificate_verified,0
SCE-000558,TX-0001885,SC-001,quality_gate_passed,pending,quality_certificate_verified,1
SCE-000559,TX-0001888,SC-012,payment_release,success,delivery_confirmed,0
SCE-000560,TX-0001889,SC-003,quality_gate_passed,success,quality_certificate_verified,0
SCE-000561,TX-0001890,SC-002,payment_release,success,delivery_confirmed,0
SCE-000562,TX-0001891,SC-001,payment_release,success,delivery_confirmed,0
SCE-000563,TX-0001892,SC-009,quality_gate_passed,success,quality_certificate_verified,0
SCE-000564,TX-0001907,SC-009,payment_release,success,delivery_confirmed,0
SCE-000565,TX-0001908,SC-001,payment_release,success,delivery_confirmed,0
SCE-000566,TX-0001914,SC-012,quality_gate_passed,pending,quality_certificate_verified,0
SCE-000567,TX-0001915,SC-008,quality_gate_passed,success,quality_certificate_verified,0
SCE-000568,TX-0001918,SC-006,quality_gate_passed,success,quality_certificate_verified,0
SCE-000569,TX-0001919,SC-012,quality_gate_passed,pending,quality_certificate_verified,0
SCE-000570,TX-0001924,SC-011,payment_release,success,delivery_confirmed,0
SCE-000571,TX-0001925,SC-001,payment_release,success,delivery_confirmed,0
SCE-000572,TX-0001928,SC-008,payment_release,success,delivery_confirmed,0
SCE-000573,TX-0001929,SC-002,quality_gate_passed,success,quality_certificate_verified,0
SCE-000574,TX-0001932,SC-011,quality_gate_passed,success,quality_certificate_verified,0
SCE-000575,TX-0001940,SC-003,payment_release,success,delivery_confirmed,0
SCE-000576,TX-0001941,SC-007,payment_release,success,delivery_confirmed,0
SCE-000577,TX-0001942,SC-006,payment_release,pending,delivery_confirmed,0
SCE-000578,TX-0001944,SC-002,payment_release,pending,delivery_confirmed,0
SCE-000579,TX-0001945,SC-012,payment_release,success,delivery_confirmed,0
SCE-000580,TX-0001949,SC-004,payment_release,pending,delivery_confirmed,0
SCE-000581,TX-0001950,SC-004,payment_release,success,delivery_confirmed,0
SCE-000582,TX-0001952,SC-007,payment_release,success,delivery_confirmed,0
SCE-000583,TX-0001954,SC-003,payment_release,success,delivery_confirmed,0
SCE-000584,TX-0001956,SC-009,quality_gate_passed,success,quality_certificate_verified,0
SCE-000585,TX-0001962,SC-011,quality_gate_passed,failed,quality_certificate_verified,0
SCE-000586,TX-0001963,SC-011,quality_gate_passed,success,quality_certificate_verified,0
SCE-000587,TX-0001969,SC-006,quality_gate_passed,success,quality_certificate_verified,0
SCE-000588,TX-0001972,SC-011,quality_gate_passed,pending,quality_certificate_verified,0
SCE-000589,TX-0001976,SC-004,quality_gate_passed,success,quality_certificate_verified,0
SCE-000590,TX-0001983,SC-007,payment_release,success,delivery_confirmed,0
SCE-000591,TX-0001986,SC-011,payment_release,success,delivery_confirmed,0
SCE-000592,TX-0001987,SC-010,quality_gate_passed,pending,quality_certificate_verified,0
SCE-000593,TX-0001993,SC-005,payment_release,success,delivery_confirmed,0
SCE-000594,TX-0001999,SC-003,quality_gate_passed,success,quality_certificate_verified,0
SCE-000595,TX-0002001,SC-001,payment_release,success,delivery_confirmed,0
SCE-000596,TX-0002004,SC-009,quality_gate_passed,success,quality_certificate_verified,0
SCE-000597,TX-0002010,SC-012,quality_gate_passed,failed,quality_certificate_verified,0
SCE-000598,TX-0002011,SC-007,quality_gate_passed,success,quality_certificate_verified,0
SCE-000599,TX-0002012,SC-009,payment_release,failed,delivery_confirmed,1
SCE-000600,TX-0002021,SC-006,payment_release,success,delivery_confirmed,0
SCE-000601,TX-0002023,SC-012,payment_release,success,delivery_confirmed,0
SCE-000602,TX-0002025,SC-005,quality_gate_passed,success,quality_certificate_verified,1
SCE-000603,TX-0002031,SC-001,payment_release,success,delivery_confirmed,0
SCE-000604,TX-0002032,SC-011,payment_release,pending,delivery_confirmed,0
SCE-000605,TX-0002038,SC-011,payment_release,failed,delivery_confirmed,0
SCE-000606,TX-0002039,SC-011,payment_release,success,delivery_confirmed,0
SCE-000607,TX-0002044,SC-008,quality_gate_passed,success,quality_certificate_verified,0
SCE-000608,TX-0002045,SC-006,payment_release,success,delivery_confirmed,0
SCE-000609,TX-0002046,SC-003,quality_gate_passed,pending,quality_certificate_verified,0
SCE-000610,TX-0002048,SC-004,payment_release,success,delivery_confirmed,0
SCE-000611,TX-0002051,SC-010,payment_release,success,delivery_confirmed,0
SCE-000612,TX-0002054,SC-009,payment_release,success,delivery_confirmed,0
SCE-000613,TX-0002059,SC-005,quality_gate_passed,success,quality_certificate_verified,0
SCE-000614,TX-0002073,SC-009,quality_gate_passed,success,quality_certificate_verified,1
SCE-000615,TX-0002074,SC-006,quality_gate_passed,success,quality_certificate_verified,0
SCE-000616,TX-0002077,SC-005,quality_gate_passed,success,quality_certificate_verified,0
SCE-000617,TX-0002079,SC-005,payment_release,success,delivery_confirmed,0
SCE-000618,TX-0002080,SC-011,quality_gate_passed,success,quality_certificate_verified,0
SCE-000619,TX-0002085,SC-005,payment_release,failed,delivery_confirmed,0
SCE-000620,TX-0002087,SC-012,quality_gate_passed,success,quality_certificate_verified,0
SCE-000621,TX-0002090,SC-012,payment_release,success,delivery_confirmed,0
SCE-000622,TX-0002098,SC-011,quality_gate_passed,pending,quality_certificate_verified,0
SCE-000623,TX-0002103,SC-005,quality_gate_passed,success,quality_certificate_verified,0
SCE-000624,TX-0002105,SC-004,payment_release,success,delivery_confirmed,0
SCE-000625,TX-0002106,SC-010,quality_gate_passed,success,quality_certificate_verified,0
SCE-000626,TX-0002111,SC-008,payment_release,success,delivery_confirmed,0
SCE-000627,TX-0002112,SC-005,payment_release,success,delivery_confirmed,0
SCE-000628,TX-0002113,SC-010,payment_release,success,delivery_confirmed,0
SCE-000629,TX-0002114,SC-009,payment_release,success,delivery_confirmed,0
SCE-000630,TX-0002115,SC-004,quality_gate_passed,pending,quality_certificate_verified,0
SCE-000631,TX-0002121,SC-005,payment_release,pending,delivery_confirmed,0
SCE-000632,TX-0002139,SC-006,quality_gate_passed,success,quality_certificate_verified,0
SCE-000633,TX-0002140,SC-006,payment_release,failed,delivery_confirmed,0
SCE-000634,TX-0002143,SC-001,quality_gate_passed,pending,quality_certificate_verified,0
SCE-000635,TX-0002144,SC-012,quality_gate_passed,success,quality_certificate_verified,0
SCE-000636,TX-0002146,SC-011,payment_release,success,delivery_confirmed,0
SCE-000637,TX-0002147,SC-004,quality_gate_passed,success,quality_certificate_verified,0
SCE-000638,TX-0002150,SC-002,quality_gate_passed,success,quality_certificate_verified,1
SCE-000639,TX-0002151,SC-008,quality_gate_passed,pending,quality_certificate_verified,0
SCE-000640,TX-0002160,SC-009,quality_gate_passed,pending,quality_certificate_verified,0
SCE-000641,TX-0002163,SC-012,quality_gate_passed,failed,quality_certificate_verified,0
SCE-000642,TX-0002164,SC-008,payment_release,success,delivery_confirmed,0
SCE-000643,TX-0002167,SC-006,quality_gate_passed,success,quality_certificate_verified,0
SCE-000644,TX-0002174,SC-008,payment_release,success,delivery_confirmed,0
SCE-000645,TX-0002178,SC-012,payment_release,success,delivery_confirmed,0
SCE-000646,TX-0002179,SC-001,quality_gate_passed,success,quality_certificate_verified,0
SCE-000647,TX-0002181,SC-009,payment_release,success,delivery_confirmed,0
SCE-000648,TX-0002185,SC-006,payment_release,pending,delivery_confirmed,0
SCE-000649,TX-0002193,SC-002,payment_release,success,delivery_confirmed,0
SCE-000650,TX-0002203,SC-009,quality_gate_passed,success,quality_certificate_verified,0
SCE-000651,TX-0002208,SC-002,quality_gate_passed,pending,quality_certificate_verified,0
SCE-000652,TX-0002209,SC-002,quality_gate_passed,success,quality_certificate_verified,0
SCE-000653,TX-0002215,SC-002,quality_gate_passed,success,quality_certificate_verified,0
SCE-000654,TX-0002224,SC-004,payment_release,success,delivery_confirmed,0
SCE-000655,TX-0002225,SC-010,quality_gate_passed,success,quality_certificate_verified,0
SCE-000656,TX-0002226,SC-008,quality_gate_passed,success,quality_certificate_verified,0
SCE-000657,TX-0002228,SC-011,quality_gate_passed,success,quality_certificate_verified,0
SCE-000658,TX-0002232,SC-002,quality_gate_passed,success,quality_certificate_verified,0
SCE-000659,TX-0002239,SC-007,payment_release,pending,delivery_confirmed,0
SCE-000660,TX-0002243,SC-001,payment_release,pending,delivery_confirmed,0
SCE-000661,TX-0002245,SC-004,payment_release,success,delivery_confirmed,0
SCE-000662,TX-0002248,SC-004,quality_gate_passed,success,quality_certificate_verified,0
SCE-000663,TX-0002253,SC-001,quality_gate_passed,success,quality_certificate_verified,0
SCE-000664,TX-0002261,SC-008,quality_gate_passed,success,quality_certificate_verified,0
SCE-000665,TX-0002273,SC-012,quality_gate_passed,success,quality_certificate_verified,0
SCE-000666,TX-0002274,SC-010,quality_gate_passed,success,quality_certificate_verified,0
SCE-000667,TX-0002275,SC-009,quality_gate_passed,pending,quality_certificate_verified,0
SCE-000668,TX-0002283,SC-004,payment_release,success,delivery_confirmed,1
SCE-000669,TX-0002285,SC-008,quality_gate_passed,success,quality_certificate_verified,0
SCE-000670,TX-0002298,SC-002,payment_release,success,delivery_confirmed,0
SCE-000671,TX-0002301,SC-001,payment_release,success,delivery_confirmed,0
SCE-000672,TX-0002302,SC-003,quality_gate_passed,success,quality_certificate_verified,0
SCE-000673,TX-0002310,SC-003,payment_release,success,delivery_confirmed,0
SCE-000674,TX-0002311,SC-010,quality_gate_passed,success,quality_certificate_verified,0
SCE-000675,TX-0002314,SC-003,payment_release,success,delivery_confirmed,0
SCE-000676,TX-0002320,SC-010,quality_gate_passed,pending,quality_certificate_verified,0
SCE-000677,TX-0002329,SC-005,payment_release,success,delivery_confirmed,0
SCE-000678,TX-0002335,SC-004,payment_release,success,delivery_confirmed,0
SCE-000679,TX-0002337,SC-004,quality_gate_passed,success,quality_certificate_verified,0
SCE-000680,TX-0002344,SC-008,payment_release,success,delivery_confirmed,0
SCE-000681,TX-0002346,SC-007,quality_gate_passed,success,quality_certificate_verified,0
SCE-000682,TX-0002348,SC-007,payment_release,success,delivery_confirmed,0
SCE-000683,TX-0002349,SC-012,payment_release,pending,delivery_confirmed,0
SCE-000684,TX-0002351,SC-005,payment_release,success,delivery_confirmed,0
SCE-000685,TX-0002357,SC-012,quality_gate_passed,success,quality_certificate_verified,0
SCE-000686,TX-0002360,SC-007,payment_release,pending,delivery_confirmed,1
SCE-000687,TX-0002364,SC-003,payment_release,success,delivery_confirmed,0
SCE-000688,TX-0002365,SC-012,quality_gate_passed,success,quality_certificate_verified,0
SCE-000689,TX-0002373,SC-006,quality_gate_passed,success,quality_certificate_verified,0
SCE-000690,TX-0002374,SC-003,payment_release,failed,delivery_confirmed,0
SCE-000691,TX-0002381,SC-001,payment_release,success,delivery_confirmed,0
SCE-000692,TX-0002383,SC-005,payment_release,success,delivery_confirmed,0
SCE-000693,TX-0002384,SC-008,quality_gate_passed,success,quality_certificate_verified,0
SCE-000694,TX-0002385,SC-005,payment_release,success,delivery_confirmed,0
SCE-000695,TX-0002391,SC-012,payment_release,success,delivery_confirmed,0
SCE-000696,TX-0002395,SC-001,payment_release,success,delivery_confirmed,0
SCE-000697,TX-0002399,SC-002,quality_gate_passed,success,quality_certificate_verified,0
SCE-000698,TX-0002400,SC-007,payment_release,success,delivery_confirmed,0
SCE-000699,TX-0002401,SC-010,quality_gate_passed,success,quality_certificate_verified,0
SCE-000700,TX-0002407,SC-005,payment_release,success,delivery_confirmed,0
SCE-000701,TX-0002411,SC-012,payment_release,pending,delivery_confirmed,0
SCE-000702,TX-0002413,SC-010,quality_gate_passed,pending,quality_certificate_verified,0
SCE-000703,TX-0002414,SC-001,quality_gate_passed,success,quality_certificate_verified,0
SCE-000704,TX-0002419,SC-002,payment_release,success,delivery_confirmed,0
SCE-000705,TX-0002420,SC-003,payment_release,success,delivery_confirmed,0
SCE-000706,TX-0002423,SC-003,quality_gate_passed,failed,quality_certificate_verified,0
SCE-000707,TX-0002430,SC-010,quality_gate_passed,success,quality_certificate_verified,0
SCE-000708,TX-0002431,SC-012,quality_gate_passed,success,quality_certificate_verified,0
SCE-000709,TX-0002440,SC-008,quality_gate_passed,success,quality_certificate_verified,0
SCE-000710,TX-0002442,SC-001,quality_gate_passed,success,quality_certificate_verified,0
SCE-000711,TX-0002447,SC-012,payment_release,failed,delivery_confirmed,1
SCE-000712,TX-0002452,SC-005,payment_release,success,delivery_confirmed,0
SCE-000713,TX-0002456,SC-004,payment_release,success,delivery_confirmed,0
SCE-000714,TX-0002471,SC-006,payment_release,success,delivery_confirmed,0
SCE-000715,TX-0002472,SC-007,quality_gate_passed,success,quality_certificate_verified,1
SCE-000716,TX-0002473,SC-009,payment_release,failed,delivery_confirmed,0
SCE-000717,TX-0002487,SC-006,payment_release,success,delivery_confirmed,0
SCE-000718,TX-0002493,SC-003,payment_release,success,delivery_confirmed,0
SCE-000719,TX-0002495,SC-006,quality_gate_passed,success,quality_certificate_verified,1
SCE-000720,TX-0002496,SC-010,quality_gate_passed,success,quality_certificate_verified,0
SCE-000721,TX-0002498,SC-001,payment_release,success,delivery_confirmed,0
SCE-000722,TX-0002499,SC-011,payment_release,success,delivery_confirmed,1
SCE-000723,TX-0002501,SC-005,payment_release,success,delivery_confirmed,0
SCE-000724,TX-0002511,SC-004,payment_release,success,delivery_confirmed,0
SCE-000725,TX-0002512,SC-006,payment_release,success,delivery_confirmed,0
SCE-000726,TX-0002514,SC-006,quality_gate_passed,success,quality_certificate_verified,0
SCE-000727,TX-0002519,SC-003,payment_release,success,delivery_confirmed,0
SCE-000728,TX-0002525,SC-001,quality_gate_passed,success,quality_certificate_verified,1
SCE-000729,TX-0002528,SC-009,quality_gate_passed,success,quality_certificate_verified,0
SCE-000730,TX-0002535,SC-011,payment_release,success,delivery_confirmed,1
SCE-000731,TX-0002539,SC-007,quality_gate_passed,pending,quality_certificate_verified,0
SCE-000732,TX-0002544,SC-001,quality_gate_passed,success,quality_certificate_verified,0
SCE-000733,TX-0002549,SC-003,payment_release,success,delivery_confirmed,1
SCE-000734,TX-0002550,SC-001,quality_gate_passed,success,quality_certificate_verified,0
SCE-000735,TX-0002554,SC-012,payment_release,success,delivery_confirmed,0
SCE-000736,TX-0002557,SC-009,payment_release,success,delivery_confirmed,0
SCE-000737,TX-0002559,SC-002,payment_release,success,delivery_confirmed,0
SCE-000738,TX-0002564,SC-001,quality_gate_passed,success,quality_certificate_verified,0
SCE-000739,TX-0002567,SC-010,quality_gate_passed,pending,quality_certificate_verified,0
SCE-000740,TX-0002569,SC-005,quality_gate_passed,failed,quality_certificate_verified,0
SCE-000741,TX-0002571,SC-001,quality_gate_passed,success,quality_certificate_verified,0
SCE-000742,TX-0002577,SC-001,payment_release,success,delivery_confirmed,0
SCE-000743,TX-0002578,SC-009,payment_release,success,delivery_confirmed,0
SCE-000744,TX-0002582,SC-008,quality_gate_passed,success,quality_certificate_verified,0
SCE-000745,TX-0002583,SC-007,payment_release,success,delivery_confirmed,0
SCE-000746,TX-0002585,SC-004,quality_gate_passed,success,quality_certificate_verified,0
SCE-000747,TX-0002586,SC-012,payment_release,success,delivery_confirmed,0
SCE-000748,TX-0002589,SC-011,quality_gate_passed,success,quality_certificate_verified,0
SCE-000749,TX-0002593,SC-012,payment_release,success,delivery_confirmed,0
SCE-000750,TX-0002595,SC-011,payment_release,success,delivery_confirmed,0
SCE-000751,TX-0002603,SC-009,payment_release,success,delivery_confirmed,0
SCE-000752,TX-0002605,SC-003,quality_gate_passed,success,quality_certificate_verified,0
SCE-000753,TX-0002611,SC-012,payment_release,pending,delivery_confirmed,0
SCE-000754,TX-0002613,SC-006,payment_release,success,delivery_confirmed,0
SCE-000755,TX-0002615,SC-004,payment_release,success,delivery_confirmed,0
SCE-000756,TX-0002619,SC-008,quality_gate_passed,success,quality_certificate_verified,0
SCE-000757,TX-0002623,SC-003,quality_gate_passed,pending,quality_certificate_verified,0
SCE-000758,TX-0002624,SC-003,payment_release,success,delivery_confirmed,0
SCE-000759,TX-0002627,SC-004,quality_gate_passed,success,quality_certificate_verified,0
SCE-000760,TX-0002632,SC-007,payment_release,success,delivery_confirmed,0
SCE-000761,TX-0002643,SC-006,payment_release,pending,delivery_confirmed,0
SCE-000762,TX-0002647,SC-012,quality_gate_passed,success,quality_certificate_verified,0
SCE-000763,TX-0002651,SC-002,payment_release,pending,delivery_confirmed,0
SCE-000764,TX-0002654,SC-005,payment_release,success,delivery_confirmed,0
SCE-000765,TX-0002657,SC-012,payment_release,pending,delivery_confirmed,0
SCE-000766,TX-0002667,SC-009,payment_release,pending,delivery_confirmed,0
SCE-000767,TX-0002668,SC-010,quality_gate_passed,success,quality_certificate_verified,0
SCE-000768,TX-0002670,SC-005,quality_gate_passed,success,quality_certificate_verified,0
SCE-000769,TX-0002671,SC-009,quality_gate_passed,success,quality_certificate_verified,0
SCE-000770,TX-0002672,SC-003,quality_gate_passed,success,quality_certificate_verified,0
SCE-000771,TX-0002674,SC-009,quality_gate_passed,success,quality_certificate_verified,0
SCE-000772,TX-0002677,SC-008,quality_gate_passed,pending,quality_certificate_verified,0
SCE-000773,TX-0002681,SC-011,quality_gate_passed,success,quality_certificate_verified,0
SCE-000774,TX-0002684,SC-012,payment_release,success,delivery_confirmed,0
SCE-000775,TX-0002690,SC-011,payment_release,success,delivery_confirmed,0
SCE-000776,TX-0002693,SC-006,quality_gate_passed,success,quality_certificate_verified,0
SCE-000777,TX-0002698,SC-003,payment_release,pending,delivery_confirmed,0
SCE-000778,TX-0002700,SC-011,quality_gate_passed,pending,quality_certificate_verified,0
SCE-000779,TX-0002706,SC-001,payment_release,success,delivery_confirmed,0
SCE-000780,TX-0002708,SC-005,payment_release,success,delivery_confirmed,0
SCE-000781,TX-0002710,SC-007,payment_release,pending,delivery_confirmed,0
SCE-000782,TX-0002712,SC-007,payment_release,success,delivery_confirmed,0
SCE-000783,TX-0002713,SC-012,quality_gate_passed,success,quality_certificate_verified,0
SCE-000784,TX-0002715,SC-007,quality_gate_passed,success,quality_certificate_verified,0
SCE-000785,TX-0002716,SC-001,quality_gate_passed,success,quality_certificate_verified,0
SCE-000786,TX-0002717,SC-011,payment_release,pending,delivery_confirmed,0
SCE-000787,TX-0002719,SC-011,quality_gate_passed,success,quality_certificate_verified,1
SCE-000788,TX-0002722,SC-008,quality_gate_passed,success,quality_certificate_verified,0
SCE-000789,TX-0002726,SC-010,quality_gate_passed,pending,quality_certificate_verified,0
SCE-000790,TX-0002727,SC-008,quality_gate_passed,failed,quality_certificate_verified,0
SCE-000791,TX-0002731,SC-007,quality_gate_passed,success,quality_certificate_verified,0
SCE-000792,TX-0002734,SC-011,quality_gate_passed,pending,quality_certificate_verified,1
SCE-000793,TX-0002737,SC-007,payment_release,success,delivery_confirmed,0
SCE-000794,TX-0002739,SC-011,quality_gate_passed,success,quality_certificate_verified,0
SCE-000795,TX-0002742,SC-003,payment_release,success,delivery_confirmed,0
SCE-000796,TX-0002743,SC-012,quality_gate_passed,success,quality_certificate_verified,0
SCE-000797,TX-0002746,SC-011,payment_release,success,delivery_confirmed,0
SCE-000798,TX-0002747,SC-001,quality_gate_passed,success,quality_certificate_verified,0
SCE-000799,TX-0002752,SC-002,payment_release,success,delivery_confirmed,0
SCE-000800,TX-0002754,SC-011,payment_release,success,delivery_confirmed,1
SCE-000801,TX-0002758,SC-002,quality_gate_passed,success,quality_certificate_verified,0
SCE-000802,TX-0002760,SC-002,quality_gate_passed,success,quality_certificate_verified,0
SCE-000803,TX-0002764,SC-011,payment_release,failed,delivery_confirmed,0
SCE-000804,TX-0002773,SC-002,quality_gate_passed,pending,quality_certificate_verified,1
SCE-000805,TX-0002779,SC-001,payment_release,success,delivery_confirmed,0
SCE-000806,TX-0002780,SC-003,quality_gate_passed,success,quality_certificate_verified,0
SCE-000807,TX-0002783,SC-008,quality_gate_passed,pending,quality_certificate_verified,0
SCE-000808,TX-0002786,SC-004,quality_gate_passed,pending,quality_certificate_verified,0
SCE-000809,TX-0002791,SC-001,payment_release,success,delivery_confirmed,0
SCE-000810,TX-0002793,SC-011,quality_gate_passed,success,quality_certificate_verified,0
SCE-000811,TX-0002794,SC-001,quality_gate_passed,success,quality_certificate_verified,0
SCE-000812,TX-0002798,SC-012,payment_release,success,delivery_confirmed,0
SCE-000813,TX-0002799,SC-009,payment_release,success,delivery_confirmed,0
SCE-000814,TX-0002807,SC-012,payment_release,success,delivery_confirmed,0
SCE-000815,TX-0002811,SC-012,payment_release,pending,delivery_confirmed,0
SCE-000816,TX-0002813,SC-007,payment_release,success,delivery_confirmed,0
SCE-000817,TX-0002814,SC-005,payment_release,success,delivery_confirmed,0
SCE-000818,TX-0002816,SC-003,payment_release,success,delivery_confirmed,0
SCE-000819,TX-0002817,SC-005,payment_release,success,delivery_confirmed,0
SCE-000820,TX-0002818,SC-011,quality_gate_passed,success,quality_certificate_verified,0
SCE-000821,TX-0002823,SC-010,payment_release,pending,delivery_confirmed,0
SCE-000822,TX-0002824,SC-010,payment_release,success,delivery_confirmed,0
SCE-000823,TX-0002828,SC-003,quality_gate_passed,success,quality_certificate_verified,0
SCE-000824,TX-0002835,SC-009,quality_gate_passed,success,quality_certificate_verified,0
SCE-000825,TX-0002836,SC-008,quality_gate_passed,pending,quality_certificate_verified,0
SCE-000826,TX-0002837,SC-008,payment_release,success,delivery_confirmed,0
SCE-000827,TX-0002840,SC-010,payment_release,success,delivery_confirmed,0
SCE-000828,TX-0002842,SC-009,payment_release,success,delivery_confirmed,0
SCE-000829,TX-0002843,SC-005,quality_gate_passed,success,quality_certificate_verified,0
SCE-000830,TX-0002844,SC-008,payment_release,success,delivery_confirmed,0
SCE-000831,TX-0002845,SC-004,quality_gate_passed,success,quality_certificate_verified,0
SCE-000832,TX-0002847,SC-009,payment_release,success,delivery_confirmed,0
SCE-000833,TX-0002849,SC-011,quality_gate_passed,success,quality_certificate_verified,0
SCE-000834,TX-0002853,SC-008,quality_gate_passed,pending,quality_certificate_verified,0
SCE-000835,TX-0002864,SC-002,payment_release,success,delivery_confirmed,0
SCE-000836,TX-0002865,SC-001,quality_gate_passed,success,quality_certificate_verified,0
SCE-000837,TX-0002868,SC-003,quality_gate_passed,success,quality_certificate_verified,0
SCE-000838,TX-0002869,SC-006,payment_release,success,delivery_confirmed,0
SCE-000839,TX-0002870,SC-010,payment_release,success,delivery_confirmed,0
SCE-000840,TX-0002880,SC-006,payment_release,success,delivery_confirmed,0
SCE-000841,TX-0002881,SC-007,payment_release,success,delivery_confirmed,0
SCE-000842,TX-0002887,SC-003,quality_gate_passed,success,quality_certificate_verified,0
SCE-000843,TX-0002891,SC-008,payment_release,success,delivery_confirmed,0
SCE-000844,TX-0002893,SC-003,payment_release,success,delivery_confirmed,0
SCE-000845,TX-0002896,SC-008,quality_gate_passed,success,quality_certificate_verified,0
SCE-000846,TX-0002902,SC-006,payment_release,failed,delivery_confirmed,0
SCE-000847,TX-0002903,SC-001,quality_gate_passed,pending,quality_certificate_verified,0
SCE-000848,TX-0002906,SC-011,payment_release,success,delivery_confirmed,0
SCE-000849,TX-0002907,SC-007,payment_release,pending,delivery_confirmed,0
SCE-000850,TX-0002912,SC-006,quality_gate_passed,success,quality_certificate_verified,0
SCE-000851,TX-0002914,SC-007,payment_release,success,delivery_confirmed,0
SCE-000852,TX-0002919,SC-008,payment_release,success,delivery_confirmed,0
SCE-000853,TX-0002921,SC-012,payment_release,success,delivery_confirmed,0
SCE-000854,TX-0002922,SC-006,payment_release,pending,delivery_confirmed,0
SCE-000855,TX-0002927,SC-008,quality_gate_passed,success,quality_certificate_verified,0
SCE-000856,TX-0002929,SC-007,payment_release,success,delivery_confirmed,0
SCE-000857,TX-0002933,SC-002,payment_release,pending,delivery_confirmed,0
SCE-000858,TX-0002934,SC-009,payment_release,success,delivery_confirmed,0
SCE-000859,TX-0002935,SC-003,quality_gate_passed,success,quality_certificate_verified,0
SCE-000860,TX-0002940,SC-002,quality_gate_passed,pending,quality_certificate_verified,0
SCE-000861,TX-0002946,SC-008,quality_gate_passed,success,quality_certificate_verified,1
SCE-000862,TX-0002947,SC-003,quality_gate_passed,pending,quality_certificate_verified,0
SCE-000863,TX-0002952,SC-001,quality_gate_passed,success,quality_certificate_verified,1
SCE-000864,TX-0002955,SC-002,payment_release,pending,delivery_confirmed,0
SCE-000865,TX-0002956,SC-008,quality_gate_passed,success,quality_certificate_verified,0
SCE-000866,TX-0002960,SC-002,quality_gate_passed,success,quality_certificate_verified,0
SCE-000867,TX-0002964,SC-005,quality_gate_passed,pending,quality_certificate_verified,0
SCE-000868,TX-0002965,SC-001,quality_gate_passed,success,quality_certificate_verified,0
SCE-000869,TX-0002966,SC-009,quality_gate_passed,pending,quality_certificate_verified,0
SCE-000870,TX-0002968,SC-012,payment_release,success,delivery_confirmed,0
SCE-000871,TX-0002972,SC-010,payment_release,success,delivery_confirmed,0
SCE-000872,TX-0002976,SC-006,payment_release,pending,delivery_confirmed,0
SCE-000873,TX-0002981,SC-011,quality_gate_passed,pending,quality_certificate_verified,0
SCE-000874,TX-0002990,SC-012,quality_gate_passed,pending,quality_certificate_verified,0
SCE-000875,TX-0002996,SC-005,payment_release,success,delivery_confirmed,0
SCE-000876,TX-0003000,SC-011,payment_release,failed,delivery_confirmed,0
SCE-000877,TX-0003001,SC-012,quality_gate_passed,pending,quality_certificate_verified,0
SCE-000878,TX-0003004,SC-009,payment_release,pending,delivery_confirmed,0
SCE-000879,TX-0003007,SC-002,payment_release,success,delivery_confirmed,0
SCE-000880,TX-0003008,SC-009,quality_gate_passed,success,quality_certificate_verified,0
SCE-000881,TX-0003010,SC-011,quality_gate_passed,success,quality_certificate_verified,0
SCE-000882,TX-0003012,SC-008,payment_release,success,delivery_confirmed,1
SCE-000883,TX-0003019,SC-011,payment_release,pending,delivery_confirmed,0
SCE-000884,TX-0003020,SC-009,payment_release,success,delivery_confirmed,0
SCE-000885,TX-0003021,SC-010,quality_gate_passed,success,quality_certificate_verified,0
SCE-000886,TX-0003022,SC-006,payment_release,success,delivery_confirmed,0
SCE-000887,TX-0003023,SC-002,payment_release,success,delivery_confirmed,0
SCE-000888,TX-0003025,SC-009,payment_release,success,delivery_confirmed,0
SCE-000889,TX-0003027,SC-007,payment_release,pending,delivery_confirmed,1
SCE-000890,TX-0003029,SC-006,payment_release,success,delivery_confirmed,0
SCE-000891,TX-0003041,SC-005,payment_release,success,delivery_confirmed,0
SCE-000892,TX-0003042,SC-006,quality_gate_passed,success,quality_certificate_verified,0
SCE-000893,TX-0003044,SC-006,quality_gate_passed,success,quality_certificate_verified,0
SCE-000894,TX-0003047,SC-007,quality_gate_passed,pending,quality_certificate_verified,0
SCE-000895,TX-0003058,SC-009,quality_gate_passed,success,quality_certificate_verified,0
SCE-000896,TX-0003059,SC-004,payment_release,pending,delivery_confirmed,0
SCE-000897,TX-0003062,SC-003,payment_release,failed,delivery_confirmed,0
SCE-000898,TX-0003063,SC-010,payment_release,success,delivery_confirmed,0
SCE-000899,TX-0003064,SC-007,quality_gate_passed,success,quality_certificate_verified,0
SCE-000900,TX-0003065,SC-008,quality_gate_passed,pending,quality_certificate_verified,0
SCE-000901,TX-0003066,SC-010,quality_gate_passed,success,quality_certificate_verified,0
SCE-000902,TX-0003069,SC-004,quality_gate_passed,pending,quality_certificate_verified,0
SCE-000903,TX-0003078,SC-005,payment_release,success,delivery_confirmed,0
SCE-000904,TX-0003085,SC-001,quality_gate_passed,success,quality_certificate_verified,0
SCE-000905,TX-0003086,SC-012,payment_release,pending,delivery_confirmed,0
SCE-000906,TX-0003087,SC-012,quality_gate_passed,success,quality_certificate_verified,0
SCE-000907,TX-0003088,SC-007,payment_release,success,delivery_confirmed,0
SCE-000908,TX-0003090,SC-007,payment_release,success,delivery_confirmed,0
SCE-000909,TX-0003093,SC-007,quality_gate_passed,pending,quality_certificate_verified,0
SCE-000910,TX-0003103,SC-009,quality_gate_passed,success,quality_certificate_verified,0
SCE-000911,TX-0003104,SC-011,payment_release,success,delivery_confirmed,0
SCE-000912,TX-0003107,SC-005,quality_gate_passed,success,quality_certificate_verified,0
SCE-000913,TX-0003115,SC-011,payment_release,success,delivery_confirmed,0
SCE-000914,TX-0003116,SC-011,quality_gate_passed,success,quality_certificate_verified,1
SCE-000915,TX-0003120,SC-008,quality_gate_passed,success,quality_certificate_verified,0
SCE-000916,TX-0003122,SC-008,quality_gate_passed,success,quality_certificate_verified,0
SCE-000917,TX-0003125,SC-006,payment_release,pending,delivery_confirmed,0
SCE-000918,TX-0003129,SC-011,payment_release,success,delivery_confirmed,0
SCE-000919,TX-0003136,SC-009,payment_release,success,delivery_confirmed,0
SCE-000920,TX-0003138,SC-008,quality_gate_passed,success,quality_certificate_verified,0
SCE-000921,TX-0003142,SC-004,quality_gate_passed,success,quality_certificate_verified,0
SCE-000922,TX-0003145,SC-003,payment_release,failed,delivery_confirmed,0
SCE-000923,TX-0003151,SC-004,quality_gate_passed,success,quality_certificate_verified,0
SCE-000924,TX-0003153,SC-005,quality_gate_passed,success,quality_certificate_verified,1
SCE-000925,TX-0003160,SC-009,payment_release,pending,delivery_confirmed,0
SCE-000926,TX-0003161,SC-003,quality_gate_passed,success,quality_certificate_verified,0
SCE-000927,TX-0003165,SC-009,payment_release,pending,delivery_confirmed,0
SCE-000928,TX-0003167,SC-007,quality_gate_passed,success,quality_certificate_verified,0
SCE-000929,TX-0003170,SC-001,quality_gate_passed,success,quality_certificate_verified,0
SCE-000930,TX-0003172,SC-012,payment_release,success,delivery_confirmed,1
SCE-000931,TX-0003175,SC-009,quality_gate_passed,pending,quality_certificate_verified,0
SCE-000932,TX-0003180,SC-006,payment_release,success,delivery_confirmed,0
SCE-000933,TX-0003182,SC-004,payment_release,success,delivery_confirmed,0
SCE-000934,TX-0003183,SC-009,quality_gate_passed,success,quality_certificate_verified,0
SCE-000935,TX-0003185,SC-010,payment_release,success,delivery_confirmed,0
SCE-000936,TX-0003186,SC-007,quality_gate_passed,failed,quality_certificate_verified,0
SCE-000937,TX-0003195,SC-003,quality_gate_passed,success,quality_certificate_verified,0
SCE-000938,TX-0003200,SC-001,payment_release,success,delivery_confirmed,0
