note_id,maintenance_id,machine_id,note_datetime,note_text,intent_label,contains_safety_issue
NOTE-MT-000001,MT-000001,MCH-001,2025-08-22 17:39:00,Symptom: scheduled preventive maintenance; inspection and calibration. Action: lubricated moving parts; checked sensors; verified safety interlock. Severity: low. Failure code: PM.,maintenance_case_summary,0
NOTE-MT-000002,MT-000002,MCH-001,2025-10-28 11:33:00,Symptom: scheduled preventive maintenance; inspection and calibration. Action: lubricated moving parts; checked sensors; verified safety interlock. Severity: low. Failure code: PM.,maintenance_case_summary,0
NOTE-MT-000003,MT-000003,MCH-001,2026-01-19 12:42:00,Symptom: scheduled preventive maintenance; inspection and calibration. Action: lubricated moving parts; checked sensors; verified safety interlock. Severity: low. Failure code: PM.,maintenance_case_summary,0
NOTE-MT-000004,MT-000004,MCH-001,2026-04-11 12:26:00,Symptom: scheduled preventive maintenance; inspection and calibration. Action: lubricated moving parts; checked sensors; verified safety interlock. Severity: low. Failure code: PM.,maintenance_case_summary,0
NOTE-MT-000005,MT-000005,MCH-001,2026-06-21 12:10:00,Symptom: scheduled preventive maintenance; inspection and calibration. Action: lubricated moving parts; checked sensors; verified safety interlock. Severity: low. Failure code: PM.,maintenance_case_summary,0
NOTE-MT-000006,MT-000006,MCH-001,2026-03-30 20:25:00,Symptom: abnormal vibration and rising temperature before automatic stop. Action: replaced bearing; realigned shaft; verified vibration baseline. Severity: medium. Failure code: BEARING.,maintenance_case_summary,0
NOTE-MT-000007,MT-000007,MCH-001,2026-06-11 20:14:00,Symptom: abnormal vibration and rising temperature before automatic stop. Action: replaced bearing; realigned shaft; verified vibration baseline. Severity: medium. Failure code: BEARING.,maintenance_case_summary,0
NOTE-MT-000008,MT-000008,MCH-002,2025-08-13 08:15:00,Symptom: scheduled preventive maintenance; inspection and calibration. Action: lubricated moving parts; checked sensors; verified safety interlock. Severity: low. Failure code: PM.,maintenance_case_summary,0
NOTE-MT-000009,MT-000009,MCH-002,2025-10-02 19:11:00,Symptom: scheduled preventive maintenance; inspection and calibration. Action: lubricated moving parts; checked sensors; verified safety interlock. Severity: low. Failure code: PM.,maintenance_case_summary,0
NOTE-MT-000010,MT-000010,MCH-002,2025-11-12 09:14:00,Symptom: scheduled preventive maintenance; inspection and calibration. Action: lubricated moving parts; checked sensors; verified safety interlock. Severity: low. Failure code: PM.,maintenance_case_summary,0
NOTE-MT-000011,MT-000011,MCH-002,2025-12-30 18:57:00,Symptom: scheduled preventive maintenance; inspection and calibration. Action: lubricated moving parts; checked sensors; verified safety interlock. Severity: low. Failure code: PM.,maintenance_case_summary,0
NOTE-MT-000012,MT-000012,MCH-002,2026-02-13 14:13:00,Symptom: scheduled preventive maintenance; inspection and calibration. Action: lubricated moving parts; checked sensors; verified safety interlock. Severity: low. Failure code: PM.,maintenance_case_summary,0
NOTE-MT-000013,MT-000013,MCH-002,2026-04-07 16:51:00,Symptom: scheduled preventive maintenance; inspection and calibration. Action: lubricated moving parts; checked sensors; verified safety interlock. Severity: low. Failure code: PM.,maintenance_case_summary,0
NOTE-MT-000014,MT-000014,MCH-002,2026-05-15 18:22:00,Symptom: scheduled preventive maintenance; inspection and calibration. Action: lubricated moving parts; checked sensors; verified safety interlock. Severity: low. Failure code: PM.,maintenance_case_summary,0
NOTE-MT-000015,MT-000015,MCH-002,2026-06-26 10:29:00,Symptom: scheduled preventive maintenance; inspection and calibration. Action: lubricated moving parts; checked sensors; verified safety interlock. Severity: low. Failure code: PM.,maintenance_case_summary,0
NOTE-MT-000016,MT-000016,MCH-002,2026-06-25 19:17:00,Symptom: tool wear exceeded threshold; surface scratch defects increased. Action: changed tool set; adjusted feed rate and checked first article. Severity: high. Failure code: TOOLING.,maintenance_case_summary,1
NOTE-MT-000017,MT-000017,MCH-003,2025-10-05 16:09:00,Symptom: scheduled preventive maintenance; inspection and calibration. Action: lubricated moving parts; checked sensors; verified safety interlock. Severity: low. Failure code: PM.,maintenance_case_summary,0
NOTE-MT-000018,MT-000018,MCH-003,2026-01-01 10:56:00,Symptom: scheduled preventive maintenance; inspection and calibration. Action: lubricated moving parts; checked sensors; verified safety interlock. Severity: low. Failure code: PM.,maintenance_case_summary,0
NOTE-MT-000019,MT-000019,MCH-003,2026-03-27 13:09:00,Symptom: scheduled preventive maintenance; inspection and calibration. Action: lubricated moving parts; checked sensors; verified safety interlock. Severity: low. Failure code: PM.,maintenance_case_summary,0
NOTE-MT-000020,MT-000020,MCH-003,2026-06-25 06:18:00,Symptom: scheduled preventive maintenance; inspection and calibration. Action: lubricated moving parts; checked sensors; verified safety interlock. Severity: low. Failure code: PM.,maintenance_case_summary,0
NOTE-MT-000021,MT-000021,MCH-003,2025-09-08 20:14:00,Symptom: abnormal vibration and rising temperature before automatic stop. Action: replaced bearing; realigned shaft; verified vibration baseline. Severity: medium. Failure code: BEARING.,maintenance_case_summary,0
NOTE-MT-000022,MT-000022,MCH-004,2025-09-13 09:32:00,Symptom: scheduled preventive maintenance; inspection and calibration. Action: lubricated moving parts; checked sensors; verified safety interlock. Severity: low. Failure code: PM.,maintenance_case_summary,0
NOTE-MT-000023,MT-000023,MCH-004,2025-11-05 13:10:00,Symptom: scheduled preventive maintenance; inspection and calibration. Action: lubricated moving parts; checked sensors; verified safety interlock. Severity: low. Failure code: PM.,maintenance_case_summary,0
NOTE-MT-000024,MT-000024,MCH-004,2025-12-15 14:29:00,Symptom: scheduled preventive maintenance; inspection and calibration. Action: lubricated moving parts; checked sensors; verified safety interlock. Severity: low. Failure code: PM.,maintenance_case_summary,0
NOTE-MT-000025,MT-000025,MCH-004,2026-01-23 08:58:00,Symptom: scheduled preventive maintenance; inspection and calibration. Action: lubricated moving parts; checked sensors; verified safety interlock. Severity: low. Failure code: PM.,maintenance_case_summary,0
NOTE-MT-000026,MT-000026,MCH-004,2026-03-09 07:55:00,Symptom: scheduled preventive maintenance; inspection and calibration. Action: lubricated moving parts; checked sensors; verified safety interlock. Severity: low. Failure code: PM.,maintenance_case_summary,0
NOTE-MT-000027,MT-000027,MCH-004,2026-04-21 11:00:00,Symptom: scheduled preventive maintenance; inspection and calibration. Action: lubricated moving parts; checked sensors; verified safety interlock. Severity: low. Failure code: PM.,maintenance_case_summary,0
NOTE-MT-000028,MT-000028,MCH-004,2026-06-13 11:48:00,Symptom: scheduled preventive maintenance; inspection and calibration. Action: lubricated moving parts; checked sensors; verified safety interlock. Severity: low. Failure code: PM.,maintenance_case_summary,0
NOTE-MT-000029,MT-000029,MCH-004,2026-07-28 18:59:00,Symptom: scheduled preventive maintenance; inspection and calibration. Action: lubricated moving parts; checked sensors; verified safety interlock. Severity: low. Failure code: PM.,maintenance_case_summary,0
NOTE-MT-000030,MT-000030,MCH-004,2026-06-14 10:36:00,Symptom: sensor reading drift and repeated false alarm during production run. Action: recalibrated sensor; replaced cable and verified signal quality. Severity: high. Failure code: SENSOR.,maintenance_case_summary,0
NOTE-MT-000031,MT-000031,MCH-005,2025-08-20 06:55:00,Symptom: scheduled preventive maintenance; inspection and calibration. Action: lubricated moving parts; checked sensors; verified safety interlock. Severity: low. Failure code: PM.,maintenance_case_summary,0
NOTE-MT-000032,MT-000032,MCH-005,2025-10-22 10:56:00,Symptom: scheduled preventive maintenance; inspection and calibration. Action: lubricated moving parts; checked sensors; verified safety interlock. Severity: low. Failure code: PM.,maintenance_case_summary,0
NOTE-MT-000033,MT-000033,MCH-005,2025-12-19 16:54:00,Symptom: scheduled preventive maintenance; inspection and calibration. Action: lubricated moving parts; checked sensors; verified safety interlock. Severity: low. Failure code: PM.,maintenance_case_summary,0
NOTE-MT-000034,MT-000034,MCH-005,2026-02-10 10:18:00,Symptom: scheduled preventive maintenance; inspection and calibration. Action: lubricated moving parts; checked sensors; verified safety interlock. Severity: low. Failure code: PM.,maintenance_case_summary,0
NOTE-MT-000035,MT-000035,MCH-005,2026-04-22 06:20:00,Symptom: scheduled preventive maintenance; inspection and calibration. Action: lubricated moving parts; checked sensors; verified safety interlock. Severity: low. Failure code: PM.,maintenance_case_summary,0
NOTE-MT-000036,MT-000036,MCH-005,2026-06-17 15:55:00,Symptom: scheduled preventive maintenance; inspection and calibration. Action: lubricated moving parts; checked sensors; verified safety interlock. Severity: low. Failure code: PM.,maintenance_case_summary,0
NOTE-MT-000037,MT-000037,MCH-005,2025-09-20 05:31:00,Symptom: pressure fluctuation and oil temperature exceeded warning band. Action: replaced hydraulic seal; flushed oil; pressure test completed. Severity: high. Failure code: HYDRAULIC.,maintenance_case_summary,0
NOTE-MT-000038,MT-000038,MCH-005,2026-04-04 21:31:00,Symptom: sensor reading drift and repeated false alarm during production run. Action: recalibrated sensor; replaced cable and verified signal quality. Severity: high. Failure code: SENSOR.,maintenance_case_summary,0
NOTE-MT-000039,MT-000039,MCH-005,2026-07-20 20:21:00,Symptom: abnormal vibration and rising temperature before automatic stop. Action: replaced bearing; realigned shaft; verified vibration baseline. Severity: high. Failure code: BEARING.,maintenance_case_summary,0
NOTE-MT-000040,MT-000040,MCH-006,2025-09-21 14:52:00,Symptom: scheduled preventive maintenance; inspection and calibration. Action: lubricated moving parts; checked sensors; verified safety interlock. Severity: low. Failure code: PM.,maintenance_case_summary,0
NOTE-MT-000041,MT-000041,MCH-006,2025-11-24 06:05:00,Symptom: scheduled preventive maintenance; inspection and calibration. Action: lubricated moving parts; checked sensors; verified safety interlock. Severity: low. Failure code: PM.,maintenance_case_summary,0
NOTE-MT-000042,MT-000042,MCH-006,2026-01-20 19:14:00,Symptom: scheduled preventive maintenance; inspection and calibration. Action: lubricated moving parts; checked sensors; verified safety interlock. Severity: low. Failure code: PM.,maintenance_case_summary,0
NOTE-MT-000043,MT-000043,MCH-006,2026-04-01 20:17:00,Symptom: scheduled preventive maintenance; inspection and calibration. Action: lubricated moving parts; checked sensors; verified safety interlock. Severity: low. Failure code: PM.,maintenance_case_summary,0
NOTE-MT-000044,MT-000044,MCH-006,2026-06-04 08:25:00,Symptom: scheduled preventive maintenance; inspection and calibration. Action: lubricated moving parts; checked sensors; verified safety interlock. Severity: low. Failure code: PM.,maintenance_case_summary,0
NOTE-MT-000045,MT-000045,MCH-006,2025-10-22 14:03:00,Symptom: abnormal vibration and rising temperature before automatic stop. Action: replaced bearing; realigned shaft; verified vibration baseline. Severity: medium. Failure code: BEARING.,maintenance_case_summary,0
NOTE-MT-000046,MT-000046,MCH-006,2025-11-22 22:49:00,Symptom: tool wear exceeded threshold; surface scratch defects increased. Action: changed tool set; adjusted feed rate and checked first article. Severity: medium. Failure code: TOOLING.,maintenance_case_summary,0
NOTE-MT-000047,MT-000047,MCH-007,2025-09-06 19:31:00,Symptom: scheduled preventive maintenance; inspection and calibration. Action: lubricated moving parts; checked sensors; verified safety interlock. Severity: low. Failure code: PM.,maintenance_case_summary,0
NOTE-MT-000048,MT-000048,MCH-007,2025-10-22 09:34:00,Symptom: scheduled preventive maintenance; inspection and calibration. Action: lubricated moving parts; checked sensors; verified safety interlock. Severity: low. Failure code: PM.,maintenance_case_summary,0
NOTE-MT-000049,MT-000049,MCH-007,2025-12-03 11:36:00,Symptom: scheduled preventive maintenance; inspection and calibration. Action: lubricated moving parts; checked sensors; verified safety interlock. Severity: low. Failure code: PM.,maintenance_case_summary,0
NOTE-MT-000050,MT-000050,MCH-007,2026-01-09 11:13:00,Symptom: scheduled preventive maintenance; inspection and calibration. Action: lubricated moving parts; checked sensors; verified safety interlock. Severity: low. Failure code: PM.,maintenance_case_summary,0
NOTE-MT-000051,MT-000051,MCH-007,2026-03-05 09:17:00,Symptom: scheduled preventive maintenance; inspection and calibration. Action: lubricated moving parts; checked sensors; verified safety interlock. Severity: low. Failure code: PM.,maintenance_case_summary,0
NOTE-MT-000052,MT-000052,MCH-007,2026-04-25 11:37:00,Symptom: scheduled preventive maintenance; inspection and calibration. Action: lubricated moving parts; checked sensors; verified safety interlock. Severity: low. Failure code: PM.,maintenance_case_summary,0
NOTE-MT-000053,MT-000053,MCH-007,2026-06-01 19:37:00,Symptom: scheduled preventive maintenance; inspection and calibration. Action: lubricated moving parts; checked sensors; verified safety interlock. Severity: low. Failure code: PM.,maintenance_case_summary,0
NOTE-MT-000054,MT-000054,MCH-007,2026-07-26 13:42:00,Symptom: scheduled preventive maintenance; inspection and calibration. Action: lubricated moving parts; checked sensors; verified safety interlock. Severity: low. Failure code: PM.,maintenance_case_summary,0
NOTE-MT-000055,MT-000055,MCH-007,2026-06-02 21:51:00,Symptom: tool wear exceeded threshold; surface scratch defects increased. Action: changed tool set; adjusted feed rate and checked first article. Severity: critical. Failure code: TOOLING.,maintenance_case_summary,0
NOTE-MT-000056,MT-000056,MCH-008,2025-09-22 18:55:00,Symptom: scheduled preventive maintenance; inspection and calibration. Action: lubricated moving parts; checked sensors; verified safety interlock. Severity: low. Failure code: PM.,maintenance_case_summary,0
NOTE-MT-000057,MT-000057,MCH-008,2025-11-29 09:55:00,Symptom: scheduled preventive maintenance; inspection and calibration. Action: lubricated moving parts; checked sensors; verified safety interlock. Severity: low. Failure code: PM.,maintenance_case_summary,0
NOTE-MT-000058,MT-000058,MCH-008,2026-02-07 16:02:00,Symptom: scheduled preventive maintenance; inspection and calibration. Action: lubricated moving parts; checked sensors; verified safety interlock. Severity: low. Failure code: PM.,maintenance_case_summary,0
NOTE-MT-000059,MT-000059,MCH-008,2026-04-13 07:31:00,Symptom: scheduled preventive maintenance; inspection and calibration. Action: lubricated moving parts; checked sensors; verified safety interlock. Severity: low. Failure code: PM.,maintenance_case_summary,0
NOTE-MT-000060,MT-000060,MCH-008,2026-06-24 16:27:00,Symptom: scheduled preventive maintenance; inspection and calibration. Action: lubricated moving parts; checked sensors; verified safety interlock. Severity: low. Failure code: PM.,maintenance_case_summary,0
NOTE-MT-000061,MT-000061,MCH-008,2025-09-07 14:44:00,Symptom: electrical cabinet alarm and servo reset during high load. Action: tightened terminals; replaced relay; reset servo drive parameters. Severity: high. Failure code: ELECTRICAL.,maintenance_case_summary,1
NOTE-MT-000062,MT-000062,MCH-008,2025-10-20 03:28:00,Symptom: electrical cabinet alarm and servo reset during high load. Action: tightened terminals; replaced relay; reset servo drive parameters. Severity: high. Failure code: ELECTRICAL.,maintenance_case_summary,0
NOTE-MT-000063,MT-000063,MCH-008,2026-05-28 21:10:00,Symptom: abnormal vibration and rising temperature before automatic stop. Action: replaced bearing; realigned shaft; verified vibration baseline. Severity: medium. Failure code: BEARING.,maintenance_case_summary,0
NOTE-MT-000064,MT-000064,MCH-009,2025-10-09 14:22:00,Symptom: scheduled preventive maintenance; inspection and calibration. Action: lubricated moving parts; checked sensors; verified safety interlock. Severity: low. Failure code: PM.,maintenance_case_summary,0
NOTE-MT-000065,MT-000065,MCH-009,2025-12-26 11:25:00,Symptom: scheduled preventive maintenance; inspection and calibration. Action: lubricated moving parts; checked sensors; verified safety interlock. Severity: low. Failure code: PM.,maintenance_case_summary,0
NOTE-MT-000066,MT-000066,MCH-009,2026-03-03 18:08:00,Symptom: scheduled preventive maintenance; inspection and calibration. Action: lubricated moving parts; checked sensors; verified safety interlock. Severity: low. Failure code: PM.,maintenance_case_summary,0
NOTE-MT-000067,MT-000067,MCH-009,2026-05-21 14:30:00,Symptom: scheduled preventive maintenance; inspection and calibration. Action: lubricated moving parts; checked sensors; verified safety interlock. Severity: low. Failure code: PM.,maintenance_case_summary,0
NOTE-MT-000068,MT-000068,MCH-009,2026-07-29 12:41:00,Symptom: scheduled preventive maintenance; inspection and calibration. Action: lubricated moving parts; checked sensors; verified safety interlock. Severity: low. Failure code: PM.,maintenance_case_summary,0
NOTE-MT-000069,MT-000069,MCH-009,2025-09-28 21:20:00,Symptom: abnormal vibration and rising temperature before automatic stop. Action: replaced bearing; realigned shaft; verified vibration baseline. Severity: critical. Failure code: BEARING.,maintenance_case_summary,0
NOTE-MT-000070,MT-000070,MCH-009,2025-09-29 02:49:00,Symptom: sensor reading drift and repeated false alarm during production run. Action: recalibrated sensor; replaced cable and verified signal quality. Severity: high. Failure code: SENSOR.,maintenance_case_summary,0
NOTE-MT-000071,MT-000071,MCH-009,2026-05-30 21:45:00,Symptom: electrical cabinet alarm and servo reset during high load. Action: tightened terminals; replaced relay; reset servo drive parameters. Severity: medium. Failure code: ELECTRICAL.,maintenance_case_summary,0
NOTE-MT-000072,MT-000072,MCH-010,2025-09-09 10:56:00,Symptom: scheduled preventive maintenance; inspection and calibration. Action: lubricated moving parts; checked sensors; verified safety interlock. Severity: low. Failure code: PM.,maintenance_case_summary,0
NOTE-MT-000073,MT-000073,MCH-010,2025-11-30 12:15:00,Symptom: scheduled preventive maintenance; inspection and calibration. Action: lubricated moving parts; checked sensors; verified safety interlock. Severity: low. Failure code: PM.,maintenance_case_summary,0
NOTE-MT-000074,MT-000074,MCH-010,2026-02-15 14:35:00,Symptom: scheduled preventive maintenance; inspection and calibration. Action: lubricated moving parts; checked sensors; verified safety interlock. Severity: low. Failure code: PM.,maintenance_case_summary,0
NOTE-MT-000075,MT-000075,MCH-010,2026-05-06 06:16:00,Symptom: scheduled preventive maintenance; inspection and calibration. Action: lubricated moving parts; checked sensors; verified safety interlock. Severity: low. Failure code: PM.,maintenance_case_summary,0
NOTE-MT-000076,MT-000076,MCH-010,2026-07-12 14:43:00,Symptom: scheduled preventive maintenance; inspection and calibration. Action: lubricated moving parts; checked sensors; verified safety interlock. Severity: low. Failure code: PM.,maintenance_case_summary,0
NOTE-MT-000077,MT-000077,MCH-010,2025-09-17 22:01:00,Symptom: sensor reading drift and repeated false alarm during production run. Action: recalibrated sensor; replaced cable and verified signal quality. Severity: medium. Failure code: SENSOR.,maintenance_case_summary,0
NOTE-MT-000078,MT-000078,MCH-010,2026-06-03 03:47:00,Symptom: sensor reading drift and repeated false alarm during production run. Action: recalibrated sensor; replaced cable and verified signal quality. Severity: medium. Failure code: SENSOR.,maintenance_case_summary,0
NOTE-MT-000079,MT-000079,MCH-011,2025-09-24 09:42:00,Symptom: scheduled preventive maintenance; inspection and calibration. Action: lubricated moving parts; checked sensors; verified safety interlock. Severity: low. Failure code: PM.,maintenance_case_summary,0
NOTE-MT-000080,MT-000080,MCH-011,2025-12-04 15:24:00,Symptom: scheduled preventive maintenance; inspection and calibration. Action: lubricated moving parts; checked sensors; verified safety interlock. Severity: low. Failure code: PM.,maintenance_case_summary,0
NOTE-MT-000081,MT-000081,MCH-011,2026-02-04 14:35:00,Symptom: scheduled preventive maintenance; inspection and calibration. Action: lubricated moving parts; checked sensors; verified safety interlock. Severity: low. Failure code: PM.,maintenance_case_summary,0
NOTE-MT-000082,MT-000082,MCH-011,2026-04-04 06:54:00,Symptom: scheduled preventive maintenance; inspection and calibration. Action: lubricated moving parts; checked sensors; verified safety interlock. Severity: low. Failure code: PM.,maintenance_case_summary,0
NOTE-MT-000083,MT-000083,MCH-011,2026-06-10 06:49:00,Symptom: scheduled preventive maintenance; inspection and calibration. Action: lubricated moving parts; checked sensors; verified safety interlock. Severity: low. Failure code: PM.,maintenance_case_summary,0
NOTE-MT-000084,MT-000084,MCH-011,2026-02-10 18:07:00,Symptom: abnormal vibration and rising temperature before automatic stop. Action: replaced bearing; realigned shaft; verified vibration baseline. Severity: critical. Failure code: BEARING.,maintenance_case_summary,0
NOTE-MT-000085,MT-000085,MCH-012,2025-10-03 07:34:00,Symptom: scheduled preventive maintenance; inspection and calibration. Action: lubricated moving parts; checked sensors; verified safety interlock. Severity: low. Failure code: PM.,maintenance_case_summary,0
NOTE-MT-000086,MT-000086,MCH-012,2025-12-10 08:42:00,Symptom: scheduled preventive maintenance; inspection and calibration. Action: lubricated moving parts; checked sensors; verified safety interlock. Severity: low. Failure code: PM.,maintenance_case_summary,0
NOTE-MT-000087,MT-000087,MCH-012,2026-03-02 15:26:00,Symptom: scheduled preventive maintenance; inspection and calibration. Action: lubricated moving parts; checked sensors; verified safety interlock. Severity: low. Failure code: PM.,maintenance_case_summary,0
NOTE-MT-000088,MT-000088,MCH-012,2026-05-25 17:09:00,Symptom: scheduled preventive maintenance; inspection and calibration. Action: lubricated moving parts; checked sensors; verified safety interlock. Severity: low. Failure code: PM.,maintenance_case_summary,0
NOTE-MT-000089,MT-000089,MCH-012,2025-12-08 15:33:00,Symptom: tool wear exceeded threshold; surface scratch defects increased. Action: changed tool set; adjusted feed rate and checked first article. Severity: medium. Failure code: TOOLING.,maintenance_case_summary,0
NOTE-MT-000090,MT-000090,MCH-012,2026-01-10 14:29:00,Symptom: tool wear exceeded threshold; surface scratch defects increased. Action: changed tool set; adjusted feed rate and checked first article. Severity: critical. Failure code: TOOLING.,maintenance_case_summary,1
NOTE-MT-000091,MT-000091,MCH-012,2026-04-07 07:57:00,Symptom: electrical cabinet alarm and servo reset during high load. Action: tightened terminals; replaced relay; reset servo drive parameters. Severity: medium. Failure code: ELECTRICAL.,maintenance_case_summary,0
NOTE-MT-000092,MT-000092,MCH-013,2025-08-23 12:25:00,Symptom: scheduled preventive maintenance; inspection and calibration. Action: lubricated moving parts; checked sensors; verified safety interlock. Severity: low. Failure code: PM.,maintenance_case_summary,0
NOTE-MT-000093,MT-000093,MCH-013,2025-11-05 16:15:00,Symptom: scheduled preventive maintenance; inspection and calibration. Action: lubricated moving parts; checked sensors; verified safety interlock. Severity: low. Failure code: PM.,maintenance_case_summary,0
NOTE-MT-000094,MT-000094,MCH-013,2026-01-21 13:54:00,Symptom: scheduled preventive maintenance; inspection and calibration. Action: lubricated moving parts; checked sensors; verified safety interlock. Severity: low. Failure code: PM.,maintenance_case_summary,0
NOTE-MT-000095,MT-000095,MCH-013,2026-04-01 20:05:00,Symptom: scheduled preventive maintenance; inspection and calibration. Action: lubricated moving parts; checked sensors; verified safety interlock. Severity: low. Failure code: PM.,maintenance_case_summary,0
NOTE-MT-000096,MT-000096,MCH-013,2026-06-13 19:22:00,Symptom: scheduled preventive maintenance; inspection and calibration. Action: lubricated moving parts; checked sensors; verified safety interlock. Severity: low. Failure code: PM.,maintenance_case_summary,0
NOTE-MT-000097,MT-000097,MCH-013,2025-12-07 22:47:00,Symptom: tool wear exceeded threshold; surface scratch defects increased. Action: changed tool set; adjusted feed rate and checked first article. Severity: medium. Failure code: TOOLING.,maintenance_case_summary,0
NOTE-MT-000098,MT-000098,MCH-013,2026-01-12 04:40:00,Symptom: abnormal vibration and rising temperature before automatic stop. Action: replaced bearing; realigned shaft; verified vibration baseline. Severity: medium. Failure code: BEARING.,maintenance_case_summary,0
NOTE-MT-000099,MT-000099,MCH-013,2026-07-02 12:50:00,Symptom: abnormal vibration and rising temperature before automatic stop. Action: replaced bearing; realigned shaft; verified vibration baseline. Severity: critical. Failure code: BEARING.,maintenance_case_summary,0
NOTE-MT-000100,MT-000100,MCH-013,2026-07-11 13:42:00,Symptom: abnormal vibration and rising temperature before automatic stop. Action: replaced bearing; realigned shaft; verified vibration baseline. Severity: medium. Failure code: BEARING.,maintenance_case_summary,0
NOTE-MT-000101,MT-000101,MCH-014,2025-08-19 10:42:00,Symptom: scheduled preventive maintenance; inspection and calibration. Action: lubricated moving parts; checked sensors; verified safety interlock. Severity: low. Failure code: PM.,maintenance_case_summary,0
NOTE-MT-000102,MT-000102,MCH-014,2025-10-08 07:55:00,Symptom: scheduled preventive maintenance; inspection and calibration. Action: lubricated moving parts; checked sensors; verified safety interlock. Severity: low. Failure code: PM.,maintenance_case_summary,0
NOTE-MT-000103,MT-000103,MCH-014,2025-11-15 20:51:00,Symptom: scheduled preventive maintenance; inspection and calibration. Action: lubricated moving parts; checked sensors; verified safety interlock. Severity: low. Failure code: PM.,maintenance_case_summary,0
NOTE-MT-000104,MT-000104,MCH-014,2026-01-04 18:47:00,Symptom: scheduled preventive maintenance; inspection and calibration. Action: lubricated moving parts; checked sensors; verified safety interlock. Severity: low. Failure code: PM.,maintenance_case_summary,0
NOTE-MT-000105,MT-000105,MCH-014,2026-02-14 18:01:00,Symptom: scheduled preventive maintenance; inspection and calibration. Action: lubricated moving parts; checked sensors; verified safety interlock. Severity: low. Failure code: PM.,maintenance_case_summary,0
NOTE-MT-000106,MT-000106,MCH-014,2026-03-31 17:44:00,Symptom: scheduled preventive maintenance; inspection and calibration. Action: lubricated moving parts; checked sensors; verified safety interlock. Severity: low. Failure code: PM.,maintenance_case_summary,0
NOTE-MT-000107,MT-000107,MCH-014,2026-05-09 20:24:00,Symptom: scheduled preventive maintenance; inspection and calibration. Action: lubricated moving parts; checked sensors; verified safety interlock. Severity: low. Failure code: PM.,maintenance_case_summary,0
NOTE-MT-000108,MT-000108,MCH-014,2026-07-03 12:30:00,Symptom: scheduled preventive maintenance; inspection and calibration. Action: lubricated moving parts; checked sensors; verified safety interlock. Severity: low. Failure code: PM.,maintenance_case_summary,0
NOTE-MT-000109,MT-000109,MCH-014,2025-10-01 10:43:00,Symptom: electrical cabinet alarm and servo reset during high load. Action: tightened terminals; replaced relay; reset servo drive parameters. Severity: medium. Failure code: ELECTRICAL.,maintenance_case_summary,0
NOTE-MT-000110,MT-000110,MCH-014,2025-11-23 05:36:00,Symptom: abnormal vibration and rising temperature before automatic stop. Action: replaced bearing; realigned shaft; verified vibration baseline. Severity: critical. Failure code: BEARING.,maintenance_case_summary,0
NOTE-MT-000111,MT-000111,MCH-014,2026-03-16 10:30:00,Symptom: motor current unstable; intermittent power loss and torque drop. Action: replaced motor controller; tested current load profile. Severity: medium. Failure code: MOTOR.,maintenance_case_summary,0
NOTE-MT-000112,MT-000112,MCH-015,2025-08-13 13:46:00,Symptom: scheduled preventive maintenance; inspection and calibration. Action: lubricated moving parts; checked sensors; verified safety interlock. Severity: low. Failure code: PM.,maintenance_case_summary,0
NOTE-MT-000113,MT-000113,MCH-015,2025-11-05 17:30:00,Symptom: scheduled preventive maintenance; inspection and calibration. Action: lubricated moving parts; checked sensors; verified safety interlock. Severity: low. Failure code: PM.,maintenance_case_summary,0
NOTE-MT-000114,MT-000114,MCH-015,2026-01-31 08:58:00,Symptom: scheduled preventive maintenance; inspection and calibration. Action: lubricated moving parts; checked sensors; verified safety interlock. Severity: low. Failure code: PM.,maintenance_case_summary,0
NOTE-MT-000115,MT-000115,MCH-015,2026-04-16 06:26:00,Symptom: scheduled preventive maintenance; inspection and calibration. Action: lubricated moving parts; checked sensors; verified safety interlock. Severity: low. Failure code: PM.,maintenance_case_summary,0
NOTE-MT-000116,MT-000116,MCH-015,2026-07-04 12:25:00,Symptom: scheduled preventive maintenance; inspection and calibration. Action: lubricated moving parts; checked sensors; verified safety interlock. Severity: low. Failure code: PM.,maintenance_case_summary,0
NOTE-MT-000117,MT-000117,MCH-015,2025-10-09 09:30:00,Symptom: sensor reading drift and repeated false alarm during production run. Action: recalibrated sensor; replaced cable and verified signal quality. Severity: high. Failure code: SENSOR.,maintenance_case_summary,1
NOTE-MT-000118,MT-000118,MCH-015,2026-06-10 20:32:00,Symptom: abnormal vibration and rising temperature before automatic stop. Action: replaced bearing; realigned shaft; verified vibration baseline. Severity: medium. Failure code: BEARING.,maintenance_case_summary,0
NOTE-MT-000119,MT-000119,MCH-016,2025-09-04 17:50:00,Symptom: scheduled preventive maintenance; inspection and calibration. Action: lubricated moving parts; checked sensors; verified safety interlock. Severity: low. Failure code: PM.,maintenance_case_summary,0
NOTE-MT-000120,MT-000120,MCH-016,2025-10-21 07:12:00,Symptom: scheduled preventive maintenance; inspection and calibration. Action: lubricated moving parts; checked sensors; verified safety interlock. Severity: low. Failure code: PM.,maintenance_case_summary,0
NOTE-MT-000121,MT-000121,MCH-016,2025-11-29 17:52:00,Symptom: scheduled preventive maintenance; inspection and calibration. Action: lubricated moving parts; checked sensors; verified safety interlock. Severity: low. Failure code: PM.,maintenance_case_summary,0
NOTE-MT-000122,MT-000122,MCH-016,2026-01-09 14:37:00,Symptom: scheduled preventive maintenance; inspection and calibration. Action: lubricated moving parts; checked sensors; verified safety interlock. Severity: low. Failure code: PM.,maintenance_case_summary,0
NOTE-MT-000123,MT-000123,MCH-016,2026-02-28 14:15:00,Symptom: scheduled preventive maintenance; inspection and calibration. Action: lubricated moving parts; checked sensors; verified safety interlock. Severity: low. Failure code: PM.,maintenance_case_summary,0
NOTE-MT-000124,MT-000124,MCH-016,2026-04-07 18:36:00,Symptom: scheduled preventive maintenance; inspection and calibration. Action: lubricated moving parts; checked sensors; verified safety interlock. Severity: low. Failure code: PM.,maintenance_case_summary,0
NOTE-MT-000125,MT-000125,MCH-016,2026-05-15 11:35:00,Symptom: scheduled preventive maintenance; inspection and calibration. Action: lubricated moving parts; checked sensors; verified safety interlock. Severity: low. Failure code: PM.,maintenance_case_summary,0
NOTE-MT-000126,MT-000126,MCH-016,2026-07-07 09:23:00,Symptom: scheduled preventive maintenance; inspection and calibration. Action: lubricated moving parts; checked sensors; verified safety interlock. Severity: low. Failure code: PM.,maintenance_case_summary,0
NOTE-MT-000127,MT-000127,MCH-016,2025-12-28 12:44:00,Symptom: tool wear exceeded threshold; surface scratch defects increased. Action: changed tool set; adjusted feed rate and checked first article. Severity: high. Failure code: TOOLING.,maintenance_case_summary,0
NOTE-MT-000128,MT-000128,MCH-016,2026-03-30 21:33:00,Symptom: sensor reading drift and repeated false alarm during production run. Action: recalibrated sensor; replaced cable and verified signal quality. Severity: high. Failure code: SENSOR.,maintenance_case_summary,0
NOTE-MT-000129,MT-000129,MCH-017,2025-08-10 18:38:00,Symptom: scheduled preventive maintenance; inspection and calibration. Action: lubricated moving parts; checked sensors; verified safety interlock. Severity: low. Failure code: PM.,maintenance_case_summary,0
NOTE-MT-000130,MT-000130,MCH-017,2025-09-18 10:31:00,Symptom: scheduled preventive maintenance; inspection and calibration. Action: lubricated moving parts; checked sensors; verified safety interlock. Severity: low. Failure code: PM.,maintenance_case_summary,0
NOTE-MT-000131,MT-000131,MCH-017,2025-10-30 10:59:00,Symptom: scheduled preventive maintenance; inspection and calibration. Action: lubricated moving parts; checked sensors; verified safety interlock. Severity: low. Failure code: PM.,maintenance_case_summary,0
NOTE-MT-000132,MT-000132,MCH-017,2025-12-16 16:43:00,Symptom: scheduled preventive maintenance; inspection and calibration. Action: lubricated moving parts; checked sensors; verified safety interlock. Severity: low. Failure code: PM.,maintenance_case_summary,0
NOTE-MT-000133,MT-000133,MCH-017,2026-02-01 17:13:00,Symptom: scheduled preventive maintenance; inspection and calibration. Action: lubricated moving parts; checked sensors; verified safety interlock. Severity: low. Failure code: PM.,maintenance_case_summary,0
NOTE-MT-000134,MT-000134,MCH-017,2026-03-11 13:55:00,Symptom: scheduled preventive maintenance; inspection and calibration. Action: lubricated moving parts; checked sensors; verified safety interlock. Severity: low. Failure code: PM.,maintenance_case_summary,0
NOTE-MT-000135,MT-000135,MCH-017,2026-05-04 09:46:00,Symptom: scheduled preventive maintenance; inspection and calibration. Action: lubricated moving parts; checked sensors; verified safety interlock. Severity: low. Failure code: PM.,maintenance_case_summary,0
NOTE-MT-000136,MT-000136,MCH-017,2026-06-29 08:41:00,Symptom: scheduled preventive maintenance; inspection and calibration. Action: lubricated moving parts; checked sensors; verified safety interlock. Severity: low. Failure code: PM.,maintenance_case_summary,0
NOTE-MT-000137,MT-000137,MCH-017,2025-10-14 14:44:00,Symptom: motor current unstable; intermittent power loss and torque drop. Action: replaced motor controller; tested current load profile. Severity: medium. Failure code: MOTOR.,maintenance_case_summary,0
NOTE-MT-000138,MT-000138,MCH-017,2025-12-12 21:39:00,Symptom: sensor reading drift and repeated false alarm during production run. Action: recalibrated sensor; replaced cable and verified signal quality. Severity: medium. Failure code: SENSOR.,maintenance_case_summary,0
NOTE-MT-000139,MT-000139,MCH-017,2026-05-08 03:10:00,Symptom: motor current unstable; intermittent power loss and torque drop. Action: replaced motor controller; tested current load profile. Severity: medium. Failure code: MOTOR.,maintenance_case_summary,0
NOTE-MT-000140,MT-000140,MCH-018,2025-08-18 20:06:00,Symptom: scheduled preventive maintenance; inspection and calibration. Action: lubricated moving parts; checked sensors; verified safety interlock. Severity: low. Failure code: PM.,maintenance_case_summary,0
NOTE-MT-000141,MT-000141,MCH-018,2025-11-23 09:44:00,Symptom: scheduled preventive maintenance; inspection and calibration. Action: lubricated moving parts; checked sensors; verified safety interlock. Severity: low. Failure code: PM.,maintenance_case_summary,0
NOTE-MT-000142,MT-000142,MCH-018,2026-02-25 15:38:00,Symptom: scheduled preventive maintenance; inspection and calibration. Action: lubricated moving parts; checked sensors; verified safety interlock. Severity: low. Failure code: PM.,maintenance_case_summary,0
NOTE-MT-000143,MT-000143,MCH-018,2026-05-24 08:18:00,Symptom: scheduled preventive maintenance; inspection and calibration. Action: lubricated moving parts; checked sensors; verified safety interlock. Severity: low. Failure code: PM.,maintenance_case_summary,0
NOTE-MT-000144,MT-000144,MCH-018,2025-09-16 19:00:00,Symptom: tool wear exceeded threshold; surface scratch defects increased. Action: changed tool set; adjusted feed rate and checked first article. Severity: high. Failure code: TOOLING.,maintenance_case_summary,0
NOTE-MT-000145,MT-000145,MCH-018,2026-07-17 10:29:00,Symptom: motor current unstable; intermittent power loss and torque drop. Action: replaced motor controller; tested current load profile. Severity: medium. Failure code: MOTOR.,maintenance_case_summary,0
NOTE-MT-000146,MT-000146,MCH-019,2025-10-12 12:53:00,Symptom: scheduled preventive maintenance; inspection and calibration. Action: lubricated moving parts; checked sensors; verified safety interlock. Severity: low. Failure code: PM.,maintenance_case_summary,0
NOTE-MT-000147,MT-000147,MCH-019,2026-01-08 10:31:00,Symptom: scheduled preventive maintenance; inspection and calibration. Action: lubricated moving parts; checked sensors; verified safety interlock. Severity: low. Failure code: PM.,maintenance_case_summary,0
NOTE-MT-000148,MT-000148,MCH-019,2026-04-15 11:44:00,Symptom: scheduled preventive maintenance; inspection and calibration. Action: lubricated moving parts; checked sensors; verified safety interlock. Severity: low. Failure code: PM.,maintenance_case_summary,0
NOTE-MT-000149,MT-000149,MCH-019,2026-07-09 18:43:00,Symptom: scheduled preventive maintenance; inspection and calibration. Action: lubricated moving parts; checked sensors; verified safety interlock. Severity: low. Failure code: PM.,maintenance_case_summary,0
NOTE-MT-000150,MT-000150,MCH-019,2026-06-16 13:19:00,Symptom: motor current unstable; intermittent power loss and torque drop. Action: replaced motor controller; tested current load profile. Severity: high. Failure code: MOTOR.,maintenance_case_summary,1
NOTE-MT-000151,MT-000151,MCH-020,2025-09-16 09:14:00,Symptom: scheduled preventive maintenance; inspection and calibration. Action: lubricated moving parts; checked sensors; verified safety interlock. Severity: low. Failure code: PM.,maintenance_case_summary,0
NOTE-MT-000152,MT-000152,MCH-020,2025-12-14 13:38:00,Symptom: scheduled preventive maintenance; inspection and calibration. Action: lubricated moving parts; checked sensors; verified safety interlock. Severity: low. Failure code: PM.,maintenance_case_summary,0
NOTE-MT-000153,MT-000153,MCH-020,2026-03-13 11:36:00,Symptom: scheduled preventive maintenance; inspection and calibration. Action: lubricated moving parts; checked sensors; verified safety interlock. Severity: low. Failure code: PM.,maintenance_case_summary,0
NOTE-MT-000154,MT-000154,MCH-020,2026-06-23 12:30:00,Symptom: scheduled preventive maintenance; inspection and calibration. Action: lubricated moving parts; checked sensors; verified safety interlock. Severity: low. Failure code: PM.,maintenance_case_summary,0
NOTE-MT-000155,MT-000155,MCH-020,2026-01-27 10:39:00,Symptom: motor current unstable; intermittent power loss and torque drop. Action: replaced motor controller; tested current load profile. Severity: medium. Failure code: MOTOR.,maintenance_case_summary,0
NOTE-MT-000156,MT-000156,MCH-020,2026-02-19 16:35:00,Symptom: tool wear exceeded threshold; surface scratch defects increased. Action: changed tool set; adjusted feed rate and checked first article. Severity: high. Failure code: TOOLING.,maintenance_case_summary,1
NOTE-MT-000157,MT-000157,MCH-020,2026-03-16 15:21:00,Symptom: tool wear exceeded threshold; surface scratch defects increased. Action: changed tool set; adjusted feed rate and checked first article. Severity: medium. Failure code: TOOLING.,maintenance_case_summary,0
NOTE-MT-000158,MT-000158,MCH-020,2026-05-05 02:26:00,Symptom: sensor reading drift and repeated false alarm during production run. Action: recalibrated sensor; replaced cable and verified signal quality. Severity: medium. Failure code: SENSOR.,maintenance_case_summary,0
NOTE-MT-000159,MT-000159,MCH-021,2025-09-02 10:54:00,Symptom: scheduled preventive maintenance; inspection and calibration. Action: lubricated moving parts; checked sensors; verified safety interlock. Severity: low. Failure code: PM.,maintenance_case_summary,0
NOTE-MT-000160,MT-000160,MCH-021,2025-11-04 10:28:00,Symptom: scheduled preventive maintenance; inspection and calibration. Action: lubricated moving parts; checked sensors; verified safety interlock. Severity: low. Failure code: PM.,maintenance_case_summary,0
NOTE-MT-000161,MT-000161,MCH-021,2026-01-02 17:54:00,Symptom: scheduled preventive maintenance; inspection and calibration. Action: lubricated moving parts; checked sensors; verified safety interlock. Severity: low. Failure code: PM.,maintenance_case_summary,0
NOTE-MT-000162,MT-000162,MCH-021,2026-03-08 10:53:00,Symptom: scheduled preventive maintenance; inspection and calibration. Action: lubricated moving parts; checked sensors; verified safety interlock. Severity: low. Failure code: PM.,maintenance_case_summary,0
NOTE-MT-000163,MT-000163,MCH-021,2026-04-30 17:48:00,Symptom: scheduled preventive maintenance; inspection and calibration. Action: lubricated moving parts; checked sensors; verified safety interlock. Severity: low. Failure code: PM.,maintenance_case_summary,0
NOTE-MT-000164,MT-000164,MCH-021,2026-06-22 15:06:00,Symptom: scheduled preventive maintenance; inspection and calibration. Action: lubricated moving parts; checked sensors; verified safety interlock. Severity: low. Failure code: PM.,maintenance_case_summary,0
NOTE-MT-000165,MT-000165,MCH-021,2025-11-19 16:22:00,Symptom: pressure fluctuation and oil temperature exceeded warning band. Action: replaced hydraulic seal; flushed oil; pressure test completed. Severity: critical. Failure code: HYDRAULIC.,maintenance_case_summary,1
NOTE-MT-000166,MT-000166,MCH-022,2025-10-05 18:44:00,Symptom: scheduled preventive maintenance; inspection and calibration. Action: lubricated moving parts; checked sensors; verified safety interlock. Severity: low. Failure code: PM.,maintenance_case_summary,0
NOTE-MT-000167,MT-000167,MCH-022,2026-01-07 16:38:00,Symptom: scheduled preventive maintenance; inspection and calibration. Action: lubricated moving parts; checked sensors; verified safety interlock. Severity: low. Failure code: PM.,maintenance_case_summary,0
NOTE-MT-000168,MT-000168,MCH-022,2026-04-19 08:14:00,Symptom: scheduled preventive maintenance; inspection and calibration. Action: lubricated moving parts; checked sensors; verified safety interlock. Severity: low. Failure code: PM.,maintenance_case_summary,0
NOTE-MT-000169,MT-000169,MCH-022,2026-07-16 14:49:00,Symptom: scheduled preventive maintenance; inspection and calibration. Action: lubricated moving parts; checked sensors; verified safety interlock. Severity: low. Failure code: PM.,maintenance_case_summary,0
NOTE-MT-000170,MT-000170,MCH-022,2025-12-22 09:00:00,Symptom: abnormal vibration and rising temperature before automatic stop. Action: replaced bearing; realigned shaft; verified vibration baseline. Severity: high. Failure code: BEARING.,maintenance_case_summary,0
NOTE-MT-000171,MT-000171,MCH-023,2025-09-03 14:37:00,Symptom: scheduled preventive maintenance; inspection and calibration. Action: lubricated moving parts; checked sensors; verified safety interlock. Severity: low. Failure code: PM.,maintenance_case_summary,0
NOTE-MT-000172,MT-000172,MCH-023,2025-10-31 06:52:00,Symptom: scheduled preventive maintenance; inspection and calibration. Action: lubricated moving parts; checked sensors; verified safety interlock. Severity: low. Failure code: PM.,maintenance_case_summary,0
NOTE-MT-000173,MT-000173,MCH-023,2025-12-31 19:34:00,Symptom: scheduled preventive maintenance; inspection and calibration. Action: lubricated moving parts; checked sensors; verified safety interlock. Severity: low. Failure code: PM.,maintenance_case_summary,0
NOTE-MT-000174,MT-000174,MCH-023,2026-02-26 11:30:00,Symptom: scheduled preventive maintenance; inspection and calibration. Action: lubricated moving parts; checked sensors; verified safety interlock. Severity: low. Failure code: PM.,maintenance_case_summary,0
NOTE-MT-000175,MT-000175,MCH-023,2026-04-23 15:07:00,Symptom: scheduled preventive maintenance; inspection and calibration. Action: lubricated moving parts; checked sensors; verified safety interlock. Severity: low. Failure code: PM.,maintenance_case_summary,0
NOTE-MT-000176,MT-000176,MCH-023,2026-07-04 14:02:00,Symptom: scheduled preventive maintenance; inspection and calibration. Action: lubricated moving parts; checked sensors; verified safety interlock. Severity: low. Failure code: PM.,maintenance_case_summary,0
NOTE-MT-000177,MT-000177,MCH-023,2026-01-26 09:59:00,Symptom: electrical cabinet alarm and servo reset during high load. Action: tightened terminals; replaced relay; reset servo drive parameters. Severity: medium. Failure code: ELECTRICAL.,maintenance_case_summary,0
NOTE-MT-000178,MT-000178,MCH-024,2025-09-28 15:28:00,Symptom: scheduled preventive maintenance; inspection and calibration. Action: lubricated moving parts; checked sensors; verified safety interlock. Severity: low. Failure code: PM.,maintenance_case_summary,0
NOTE-MT-000179,MT-000179,MCH-024,2025-11-19 15:59:00,Symptom: scheduled preventive maintenance; inspection and calibration. Action: lubricated moving parts; checked sensors; verified safety interlock. Severity: low. Failure code: PM.,maintenance_case_summary,0
NOTE-MT-000180,MT-000180,MCH-024,2026-01-12 06:18:00,Symptom: scheduled preventive maintenance; inspection and calibration. Action: lubricated moving parts; checked sensors; verified safety interlock. Severity: low. Failure code: PM.,maintenance_case_summary,0
NOTE-MT-000181,MT-000181,MCH-024,2026-03-10 15:00:00,Symptom: scheduled preventive maintenance; inspection and calibration. Action: lubricated moving parts; checked sensors; verified safety interlock. Severity: low. Failure code: PM.,maintenance_case_summary,0
NOTE-MT-000182,MT-000182,MCH-024,2026-05-04 06:14:00,Symptom: scheduled preventive maintenance; inspection and calibration. Action: lubricated moving parts; checked sensors; verified safety interlock. Severity: low. Failure code: PM.,maintenance_case_summary,0
NOTE-MT-000183,MT-000183,MCH-024,2026-07-02 18:49:00,Symptom: scheduled preventive maintenance; inspection and calibration. Action: lubricated moving parts; checked sensors; verified safety interlock. Severity: low. Failure code: PM.,maintenance_case_summary,0
NOTE-MT-000184,MT-000184,MCH-024,2025-10-31 13:26:00,Symptom: sensor reading drift and repeated false alarm during production run. Action: recalibrated sensor; replaced cable and verified signal quality. Severity: high. Failure code: SENSOR.,maintenance_case_summary,0
NOTE-MT-000185,MT-000185,MCH-024,2026-01-02 10:09:00,Symptom: pressure fluctuation and oil temperature exceeded warning band. Action: replaced hydraulic seal; flushed oil; pressure test completed. Severity: high. Failure code: HYDRAULIC.,maintenance_case_summary,1
NOTE-MT-000186,MT-000186,MCH-025,2025-08-19 10:36:00,Symptom: scheduled preventive maintenance; inspection and calibration. Action: lubricated moving parts; checked sensors; verified safety interlock. Severity: low. Failure code: PM.,maintenance_case_summary,0
NOTE-MT-000187,MT-000187,MCH-025,2025-09-25 11:22:00,Symptom: scheduled preventive maintenance; inspection and calibration. Action: lubricated moving parts; checked sensors; verified safety interlock. Severity: low. Failure code: PM.,maintenance_case_summary,0
NOTE-MT-000188,MT-000188,MCH-025,2025-11-17 14:33:00,Symptom: scheduled preventive maintenance; inspection and calibration. Action: lubricated moving parts; checked sensors; verified safety interlock. Severity: low. Failure code: PM.,maintenance_case_summary,0
NOTE-MT-000189,MT-000189,MCH-025,2026-01-10 10:19:00,Symptom: scheduled preventive maintenance; inspection and calibration. Action: lubricated moving parts; checked sensors; verified safety interlock. Severity: low. Failure code: PM.,maintenance_case_summary,0
NOTE-MT-000190,MT-000190,MCH-025,2026-02-25 13:03:00,Symptom: scheduled preventive maintenance; inspection and calibration. Action: lubricated moving parts; checked sensors; verified safety interlock. Severity: low. Failure code: PM.,maintenance_case_summary,0
NOTE-MT-000191,MT-000191,MCH-025,2026-04-19 07:05:00,Symptom: scheduled preventive maintenance; inspection and calibration. Action: lubricated moving parts; checked sensors; verified safety interlock. Severity: low. Failure code: PM.,maintenance_case_summary,0
NOTE-MT-000192,MT-000192,MCH-025,2026-06-06 15:36:00,Symptom: scheduled preventive maintenance; inspection and calibration. Action: lubricated moving parts; checked sensors; verified safety interlock. Severity: low. Failure code: PM.,maintenance_case_summary,0
NOTE-MT-000193,MT-000193,MCH-025,2026-07-29 08:11:00,Symptom: scheduled preventive maintenance; inspection and calibration. Action: lubricated moving parts; checked sensors; verified safety interlock. Severity: low. Failure code: PM.,maintenance_case_summary,0
NOTE-MT-000194,MT-000194,MCH-025,2026-01-30 02:09:00,Symptom: abnormal vibration and rising temperature before automatic stop. Action: replaced bearing; realigned shaft; verified vibration baseline. Severity: high. Failure code: BEARING.,maintenance_case_summary,0
NOTE-MT-000195,MT-000195,MCH-025,2026-02-28 22:21:00,Symptom: motor current unstable; intermittent power loss and torque drop. Action: replaced motor controller; tested current load profile. Severity: critical. Failure code: MOTOR.,maintenance_case_summary,0
NOTE-MT-000196,MT-000196,MCH-025,2026-04-20 14:55:00,Symptom: abnormal vibration and rising temperature before automatic stop. Action: replaced bearing; realigned shaft; verified vibration baseline. Severity: high. Failure code: BEARING.,maintenance_case_summary,1
NOTE-MT-000197,MT-000197,MCH-025,2026-06-12 20:05:00,Symptom: motor current unstable; intermittent power loss and torque drop. Action: replaced motor controller; tested current load profile. Severity: medium. Failure code: MOTOR.,maintenance_case_summary,0
NOTE-MT-000198,MT-000198,MCH-026,2025-08-16 18:15:00,Symptom: scheduled preventive maintenance; inspection and calibration. Action: lubricated moving parts; checked sensors; verified safety interlock. Severity: low. Failure code: PM.,maintenance_case_summary,0
NOTE-MT-000199,MT-000199,MCH-026,2025-10-14 16:34:00,Symptom: scheduled preventive maintenance; inspection and calibration. Action: lubricated moving parts; checked sensors; verified safety interlock. Severity: low. Failure code: PM.,maintenance_case_summary,0
NOTE-MT-000200,MT-000200,MCH-026,2025-12-21 15:41:00,Symptom: scheduled preventive maintenance; inspection and calibration. Action: lubricated moving parts; checked sensors; verified safety interlock. Severity: low. Failure code: PM.,maintenance_case_summary,0
NOTE-MT-000201,MT-000201,MCH-026,2026-02-11 17:00:00,Symptom: scheduled preventive maintenance; inspection and calibration. Action: lubricated moving parts; checked sensors; verified safety interlock. Severity: low. Failure code: PM.,maintenance_case_summary,0
NOTE-MT-000202,MT-000202,MCH-026,2026-04-14 11:01:00,Symptom: scheduled preventive maintenance; inspection and calibration. Action: lubricated moving parts; checked sensors; verified safety interlock. Severity: low. Failure code: PM.,maintenance_case_summary,0
NOTE-MT-000203,MT-000203,MCH-026,2026-06-25 06:03:00,Symptom: scheduled preventive maintenance; inspection and calibration. Action: lubricated moving parts; checked sensors; verified safety interlock. Severity: low. Failure code: PM.,maintenance_case_summary,0
NOTE-MT-000204,MT-000204,MCH-026,2025-09-22 22:53:00,Symptom: sensor reading drift and repeated false alarm during production run. Action: recalibrated sensor; replaced cable and verified signal quality. Severity: high. Failure code: SENSOR.,maintenance_case_summary,0
NOTE-MT-000205,MT-000205,MCH-026,2026-04-02 22:08:00,Symptom: electrical cabinet alarm and servo reset during high load. Action: tightened terminals; replaced relay; reset servo drive parameters. Severity: medium. Failure code: ELECTRICAL.,maintenance_case_summary,0
NOTE-MT-000206,MT-000206,MCH-027,2025-08-16 19:54:00,Symptom: scheduled preventive maintenance; inspection and calibration. Action: lubricated moving parts; checked sensors; verified safety interlock. Severity: low. Failure code: PM.,maintenance_case_summary,0
NOTE-MT-000207,MT-000207,MCH-027,2025-10-19 11:06:00,Symptom: scheduled preventive maintenance; inspection and calibration. Action: lubricated moving parts; checked sensors; verified safety interlock. Severity: low. Failure code: PM.,maintenance_case_summary,0
NOTE-MT-000208,MT-000208,MCH-027,2025-12-11 08:13:00,Symptom: scheduled preventive maintenance; inspection and calibration. Action: lubricated moving parts; checked sensors; verified safety interlock. Severity: low. Failure code: PM.,maintenance_case_summary,0
NOTE-MT-000209,MT-000209,MCH-027,2026-02-19 07:46:00,Symptom: scheduled preventive maintenance; inspection and calibration. Action: lubricated moving parts; checked sensors; verified safety interlock. Severity: low. Failure code: PM.,maintenance_case_summary,0
NOTE-MT-000210,MT-000210,MCH-027,2026-04-24 09:43:00,Symptom: scheduled preventive maintenance; inspection and calibration. Action: lubricated moving parts; checked sensors; verified safety interlock. Severity: low. Failure code: PM.,maintenance_case_summary,0
NOTE-MT-000211,MT-000211,MCH-027,2026-06-21 15:43:00,Symptom: scheduled preventive maintenance; inspection and calibration. Action: lubricated moving parts; checked sensors; verified safety interlock. Severity: low. Failure code: PM.,maintenance_case_summary,0
NOTE-MT-000212,MT-000212,MCH-027,2025-12-21 17:28:00,Symptom: tool wear exceeded threshold; surface scratch defects increased. Action: changed tool set; adjusted feed rate and checked first article. Severity: medium. Failure code: TOOLING.,maintenance_case_summary,0
NOTE-MT-000213,MT-000213,MCH-028,2025-08-08 19:29:00,Symptom: scheduled preventive maintenance; inspection and calibration. Action: lubricated moving parts; checked sensors; verified safety interlock. Severity: low. Failure code: PM.,maintenance_case_summary,0
NOTE-MT-000214,MT-000214,MCH-028,2025-10-01 12:14:00,Symptom: scheduled preventive maintenance; inspection and calibration. Action: lubricated moving parts; checked sensors; verified safety interlock. Severity: low. Failure code: PM.,maintenance_case_summary,0
NOTE-MT-000215,MT-000215,MCH-028,2025-11-15 14:56:00,Symptom: scheduled preventive maintenance; inspection and calibration. Action: lubricated moving parts; checked sensors; verified safety interlock. Severity: low. Failure code: PM.,maintenance_case_summary,0
NOTE-MT-000216,MT-000216,MCH-028,2026-01-08 15:56:00,Symptom: scheduled preventive maintenance; inspection and calibration. Action: lubricated moving parts; checked sensors; verified safety interlock. Severity: low. Failure code: PM.,maintenance_case_summary,0
NOTE-MT-000217,MT-000217,MCH-028,2026-02-19 19:03:00,Symptom: scheduled preventive maintenance; inspection and calibration. Action: lubricated moving parts; checked sensors; verified safety interlock. Severity: low. Failure code: PM.,maintenance_case_summary,0
NOTE-MT-000218,MT-000218,MCH-028,2026-04-06 11:24:00,Symptom: scheduled preventive maintenance; inspection and calibration. Action: lubricated moving parts; checked sensors; verified safety interlock. Severity: low. Failure code: PM.,maintenance_case_summary,0
NOTE-MT-000219,MT-000219,MCH-028,2026-05-28 13:31:00,Symptom: scheduled preventive maintenance; inspection and calibration. Action: lubricated moving parts; checked sensors; verified safety interlock. Severity: low. Failure code: PM.,maintenance_case_summary,0
NOTE-MT-000220,MT-000220,MCH-028,2026-07-10 10:48:00,Symptom: scheduled preventive maintenance; inspection and calibration. Action: lubricated moving parts; checked sensors; verified safety interlock. Severity: low. Failure code: PM.,maintenance_case_summary,0
NOTE-MT-000221,MT-000221,MCH-028,2025-11-17 16:28:00,Symptom: abnormal vibration and rising temperature before automatic stop. Action: replaced bearing; realigned shaft; verified vibration baseline. Severity: high. Failure code: BEARING.,maintenance_case_summary,1
NOTE-MT-000222,MT-000222,MCH-028,2025-12-08 12:17:00,Symptom: motor current unstable; intermittent power loss and torque drop. Action: replaced motor controller; tested current load profile. Severity: high. Failure code: MOTOR.,maintenance_case_summary,1
NOTE-MT-000223,MT-000223,MCH-028,2026-03-10 04:16:00,Symptom: abnormal vibration and rising temperature before automatic stop. Action: replaced bearing; realigned shaft; verified vibration baseline. Severity: medium. Failure code: BEARING.,maintenance_case_summary,0
NOTE-MT-000224,MT-000224,MCH-028,2026-04-06 05:16:00,Symptom: tool wear exceeded threshold; surface scratch defects increased. Action: changed tool set; adjusted feed rate and checked first article. Severity: medium. Failure code: TOOLING.,maintenance_case_summary,0
NOTE-MT-000225,MT-000225,MCH-029,2025-08-15 18:01:00,Symptom: scheduled preventive maintenance; inspection and calibration. Action: lubricated moving parts; checked sensors; verified safety interlock. Severity: low. Failure code: PM.,maintenance_case_summary,0
NOTE-MT-000226,MT-000226,MCH-029,2025-11-23 08:35:00,Symptom: scheduled preventive maintenance; inspection and calibration. Action: lubricated moving parts; checked sensors; verified safety interlock. Severity: low. Failure code: PM.,maintenance_case_summary,0
NOTE-MT-000227,MT-000227,MCH-029,2026-03-04 12:16:00,Symptom: scheduled preventive maintenance; inspection and calibration. Action: lubricated moving parts; checked sensors; verified safety interlock. Severity: low. Failure code: PM.,maintenance_case_summary,0
NOTE-MT-000228,MT-000228,MCH-029,2026-06-09 14:00:00,Symptom: scheduled preventive maintenance; inspection and calibration. Action: lubricated moving parts; checked sensors; verified safety interlock. Severity: low. Failure code: PM.,maintenance_case_summary,0
NOTE-MT-000229,MT-000229,MCH-029,2025-11-17 14:48:00,Symptom: sensor reading drift and repeated false alarm during production run. Action: recalibrated sensor; replaced cable and verified signal quality. Severity: medium. Failure code: SENSOR.,maintenance_case_summary,0
NOTE-MT-000230,MT-000230,MCH-029,2026-07-12 13:04:00,Symptom: abnormal vibration and rising temperature before automatic stop. Action: replaced bearing; realigned shaft; verified vibration baseline. Severity: high. Failure code: BEARING.,maintenance_case_summary,0
NOTE-MT-000231,MT-000231,MCH-030,2025-10-15 11:57:00,Symptom: scheduled preventive maintenance; inspection and calibration. Action: lubricated moving parts; checked sensors; verified safety interlock. Severity: low. Failure code: PM.,maintenance_case_summary,0
NOTE-MT-000232,MT-000232,MCH-030,2025-12-26 14:33:00,Symptom: scheduled preventive maintenance; inspection and calibration. Action: lubricated moving parts; checked sensors; verified safety interlock. Severity: low. Failure code: PM.,maintenance_case_summary,0
NOTE-MT-000233,MT-000233,MCH-030,2026-03-15 10:12:00,Symptom: scheduled preventive maintenance; inspection and calibration. Action: lubricated moving parts; checked sensors; verified safety interlock. Severity: low. Failure code: PM.,maintenance_case_summary,0
NOTE-MT-000234,MT-000234,MCH-030,2026-06-01 14:22:00,Symptom: scheduled preventive maintenance; inspection and calibration. Action: lubricated moving parts; checked sensors; verified safety interlock. Severity: low. Failure code: PM.,maintenance_case_summary,0
NOTE-MT-000235,MT-000235,MCH-030,2025-09-23 02:13:00,Symptom: motor current unstable; intermittent power loss and torque drop. Action: replaced motor controller; tested current load profile. Severity: high. Failure code: MOTOR.,maintenance_case_summary,0
NOTE-MT-000236,MT-000236,MCH-030,2025-10-18 11:32:00,Symptom: pressure fluctuation and oil temperature exceeded warning band. Action: replaced hydraulic seal; flushed oil; pressure test completed. Severity: medium. Failure code: HYDRAULIC.,maintenance_case_summary,0
NOTE-MT-000237,MT-000237,MCH-030,2025-12-13 05:21:00,Symptom: electrical cabinet alarm and servo reset during high load. Action: tightened terminals; replaced relay; reset servo drive parameters. Severity: medium. Failure code: ELECTRICAL.,maintenance_case_summary,0
NOTE-MT-000238,MT-000238,MCH-030,2026-06-22 02:32:00,Symptom: electrical cabinet alarm and servo reset during high load. Action: tightened terminals; replaced relay; reset servo drive parameters. Severity: high. Failure code: ELECTRICAL.,maintenance_case_summary,1
NOTE-MT-000239,MT-000239,MCH-031,2025-08-08 15:22:00,Symptom: scheduled preventive maintenance; inspection and calibration. Action: lubricated moving parts; checked sensors; verified safety interlock. Severity: low. Failure code: PM.,maintenance_case_summary,0
NOTE-MT-000240,MT-000240,MCH-031,2025-10-11 18:57:00,Symptom: scheduled preventive maintenance; inspection and calibration. Action: lubricated moving parts; checked sensors; verified safety interlock. Severity: low. Failure code: PM.,maintenance_case_summary,0
NOTE-MT-000241,MT-000241,MCH-031,2025-12-15 10:03:00,Symptom: scheduled preventive maintenance; inspection and calibration. Action: lubricated moving parts; checked sensors; verified safety interlock. Severity: low. Failure code: PM.,maintenance_case_summary,0
NOTE-MT-000242,MT-000242,MCH-031,2026-02-16 11:37:00,Symptom: scheduled preventive maintenance; inspection and calibration. Action: lubricated moving parts; checked sensors; verified safety interlock. Severity: low. Failure code: PM.,maintenance_case_summary,0
NOTE-MT-000243,MT-000243,MCH-031,2026-04-28 11:51:00,Symptom: scheduled preventive maintenance; inspection and calibration. Action: lubricated moving parts; checked sensors; verified safety interlock. Severity: low. Failure code: PM.,maintenance_case_summary,0
NOTE-MT-000244,MT-000244,MCH-031,2026-06-25 15:37:00,Symptom: scheduled preventive maintenance; inspection and calibration. Action: lubricated moving parts; checked sensors; verified safety interlock. Severity: low. Failure code: PM.,maintenance_case_summary,0
NOTE-MT-000245,MT-000245,MCH-031,2025-09-12 16:10:00,Symptom: sensor reading drift and repeated false alarm during production run. Action: recalibrated sensor; replaced cable and verified signal quality. Severity: high. Failure code: SENSOR.,maintenance_case_summary,1
NOTE-MT-000246,MT-000246,MCH-031,2026-04-13 11:01:00,Symptom: pressure fluctuation and oil temperature exceeded warning band. Action: replaced hydraulic seal; flushed oil; pressure test completed. Severity: high. Failure code: HYDRAULIC.,maintenance_case_summary,0
NOTE-MT-000247,MT-000247,MCH-031,2026-05-22 19:42:00,Symptom: sensor reading drift and repeated false alarm during production run. Action: recalibrated sensor; replaced cable and verified signal quality. Severity: medium. Failure code: SENSOR.,maintenance_case_summary,0
NOTE-MT-000248,MT-000248,MCH-032,2025-08-18 19:27:00,Symptom: scheduled preventive maintenance; inspection and calibration. Action: lubricated moving parts; checked sensors; verified safety interlock. Severity: low. Failure code: PM.,maintenance_case_summary,0
NOTE-MT-000249,MT-000249,MCH-032,2025-10-26 06:25:00,Symptom: scheduled preventive maintenance; inspection and calibration. Action: lubricated moving parts; checked sensors; verified safety interlock. Severity: low. Failure code: PM.,maintenance_case_summary,0
NOTE-MT-000250,MT-000250,MCH-032,2025-12-26 08:52:00,Symptom: scheduled preventive maintenance; inspection and calibration. Action: lubricated moving parts; checked sensors; verified safety interlock. Severity: low. Failure code: PM.,maintenance_case_summary,0
NOTE-MT-000251,MT-000251,MCH-032,2026-03-07 11:05:00,Symptom: scheduled preventive maintenance; inspection and calibration. Action: lubricated moving parts; checked sensors; verified safety interlock. Severity: low. Failure code: PM.,maintenance_case_summary,0
NOTE-MT-000252,MT-000252,MCH-032,2026-05-15 11:18:00,Symptom: scheduled preventive maintenance; inspection and calibration. Action: lubricated moving parts; checked sensors; verified safety interlock. Severity: low. Failure code: PM.,maintenance_case_summary,0
NOTE-MT-000253,MT-000253,MCH-032,2026-07-19 12:02:00,Symptom: scheduled preventive maintenance; inspection and calibration. Action: lubricated moving parts; checked sensors; verified safety interlock. Severity: low. Failure code: PM.,maintenance_case_summary,0
NOTE-MT-000254,MT-000254,MCH-032,2025-12-02 14:18:00,Symptom: abnormal vibration and rising temperature before automatic stop. Action: replaced bearing; realigned shaft; verified vibration baseline. Severity: medium. Failure code: BEARING.,maintenance_case_summary,0
NOTE-MT-000255,MT-000255,MCH-033,2025-08-25 20:57:00,Symptom: scheduled preventive maintenance; inspection and calibration. Action: lubricated moving parts; checked sensors; verified safety interlock. Severity: low. Failure code: PM.,maintenance_case_summary,0
NOTE-MT-000256,MT-000256,MCH-033,2025-11-21 13:25:00,Symptom: scheduled preventive maintenance; inspection and calibration. Action: lubricated moving parts; checked sensors; verified safety interlock. Severity: low. Failure code: PM.,maintenance_case_summary,0
NOTE-MT-000257,MT-000257,MCH-033,2026-02-22 16:31:00,Symptom: scheduled preventive maintenance; inspection and calibration. Action: lubricated moving parts; checked sensors; verified safety interlock. Severity: low. Failure code: PM.,maintenance_case_summary,0
NOTE-MT-000258,MT-000258,MCH-033,2026-05-26 12:37:00,Symptom: scheduled preventive maintenance; inspection and calibration. Action: lubricated moving parts; checked sensors; verified safety interlock. Severity: low. Failure code: PM.,maintenance_case_summary,0
NOTE-MT-000259,MT-000259,MCH-033,2025-10-22 14:31:00,Symptom: pressure fluctuation and oil temperature exceeded warning band. Action: replaced hydraulic seal; flushed oil; pressure test completed. Severity: medium. Failure code: HYDRAULIC.,maintenance_case_summary,0
NOTE-MT-000260,MT-000260,MCH-033,2026-03-05 20:08:00,Symptom: abnormal vibration and rising temperature before automatic stop. Action: replaced bearing; realigned shaft; verified vibration baseline. Severity: medium. Failure code: BEARING.,maintenance_case_summary,0
NOTE-MT-000261,MT-000261,MCH-033,2026-07-15 02:35:00,Symptom: abnormal vibration and rising temperature before automatic stop. Action: replaced bearing; realigned shaft; verified vibration baseline. Severity: medium. Failure code: BEARING.,maintenance_case_summary,0
NOTE-MT-000262,MT-000262,MCH-034,2025-10-11 11:17:00,Symptom: scheduled preventive maintenance; inspection and calibration. Action: lubricated moving parts; checked sensors; verified safety interlock. Severity: low. Failure code: PM.,maintenance_case_summary,0
NOTE-MT-000263,MT-000263,MCH-034,2025-12-17 12:28:00,Symptom: scheduled preventive maintenance; inspection and calibration. Action: lubricated moving parts; checked sensors; verified safety interlock. Severity: low. Failure code: PM.,maintenance_case_summary,0
NOTE-MT-000264,MT-000264,MCH-034,2026-03-10 06:47:00,Symptom: scheduled preventive maintenance; inspection and calibration. Action: lubricated moving parts; checked sensors; verified safety interlock. Severity: low. Failure code: PM.,maintenance_case_summary,0
NOTE-MT-000265,MT-000265,MCH-034,2026-06-01 14:56:00,Symptom: scheduled preventive maintenance; inspection and calibration. Action: lubricated moving parts; checked sensors; verified safety interlock. Severity: low. Failure code: PM.,maintenance_case_summary,0
NOTE-MT-000266,MT-000266,MCH-034,2025-11-19 06:13:00,Symptom: motor current unstable; intermittent power loss and torque drop. Action: replaced motor controller; tested current load profile. Severity: high. Failure code: MOTOR.,maintenance_case_summary,0
NOTE-MT-000267,MT-000267,MCH-034,2025-12-01 02:14:00,Symptom: tool wear exceeded threshold; surface scratch defects increased. Action: changed tool set; adjusted feed rate and checked first article. Severity: medium. Failure code: TOOLING.,maintenance_case_summary,0
NOTE-MT-000268,MT-000268,MCH-034,2026-07-17 17:54:00,Symptom: pressure fluctuation and oil temperature exceeded warning band. Action: replaced hydraulic seal; flushed oil; pressure test completed. Severity: medium. Failure code: HYDRAULIC.,maintenance_case_summary,0
NOTE-MT-000269,MT-000269,MCH-035,2025-08-06 19:16:00,Symptom: scheduled preventive maintenance; inspection and calibration. Action: lubricated moving parts; checked sensors; verified safety interlock. Severity: low. Failure code: PM.,maintenance_case_summary,0
NOTE-MT-000270,MT-000270,MCH-035,2025-10-07 10:23:00,Symptom: scheduled preventive maintenance; inspection and calibration. Action: lubricated moving parts; checked sensors; verified safety interlock. Severity: low. Failure code: PM.,maintenance_case_summary,0
NOTE-MT-000271,MT-000271,MCH-035,2025-11-30 17:49:00,Symptom: scheduled preventive maintenance; inspection and calibration. Action: lubricated moving parts; checked sensors; verified safety interlock. Severity: low. Failure code: PM.,maintenance_case_summary,0
NOTE-MT-000272,MT-000272,MCH-035,2026-01-29 20:11:00,Symptom: scheduled preventive maintenance; inspection and calibration. Action: lubricated moving parts; checked sensors; verified safety interlock. Severity: low. Failure code: PM.,maintenance_case_summary,0
NOTE-MT-000273,MT-000273,MCH-035,2026-04-02 20:42:00,Symptom: scheduled preventive maintenance; inspection and calibration. Action: lubricated moving parts; checked sensors; verified safety interlock. Severity: low. Failure code: PM.,maintenance_case_summary,0
NOTE-MT-000274,MT-000274,MCH-035,2026-05-27 17:43:00,Symptom: scheduled preventive maintenance; inspection and calibration. Action: lubricated moving parts; checked sensors; verified safety interlock. Severity: low. Failure code: PM.,maintenance_case_summary,0
NOTE-MT-000275,MT-000275,MCH-035,2026-07-20 18:22:00,Symptom: scheduled preventive maintenance; inspection and calibration. Action: lubricated moving parts; checked sensors; verified safety interlock. Severity: low. Failure code: PM.,maintenance_case_summary,0
NOTE-MT-000276,MT-000276,MCH-035,2026-02-12 12:21:00,Symptom: sensor reading drift and repeated false alarm during production run. Action: recalibrated sensor; replaced cable and verified signal quality. Severity: critical. Failure code: SENSOR.,maintenance_case_summary,1
NOTE-MT-000277,MT-000277,MCH-035,2026-04-27 05:37:00,Symptom: motor current unstable; intermittent power loss and torque drop. Action: replaced motor controller; tested current load profile. Severity: critical. Failure code: MOTOR.,maintenance_case_summary,1
NOTE-MT-000278,MT-000278,MCH-035,2026-05-18 20:01:00,Symptom: abnormal vibration and rising temperature before automatic stop. Action: replaced bearing; realigned shaft; verified vibration baseline. Severity: critical. Failure code: BEARING.,maintenance_case_summary,0
NOTE-MT-000279,MT-000279,MCH-035,2026-07-12 12:36:00,Symptom: electrical cabinet alarm and servo reset during high load. Action: tightened terminals; replaced relay; reset servo drive parameters. Severity: critical. Failure code: ELECTRICAL.,maintenance_case_summary,1
NOTE-MT-000280,MT-000280,MCH-036,2025-08-10 08:30:00,Symptom: scheduled preventive maintenance; inspection and calibration. Action: lubricated moving parts; checked sensors; verified safety interlock. Severity: low. Failure code: PM.,maintenance_case_summary,0
NOTE-MT-000281,MT-000281,MCH-036,2025-09-21 11:05:00,Symptom: scheduled preventive maintenance; inspection and calibration. Action: lubricated moving parts; checked sensors; verified safety interlock. Severity: low. Failure code: PM.,maintenance_case_summary,0
NOTE-MT-000282,MT-000282,MCH-036,2025-11-02 17:48:00,Symptom: scheduled preventive maintenance; inspection and calibration. Action: lubricated moving parts; checked sensors; verified safety interlock. Severity: low. Failure code: PM.,maintenance_case_summary,0
NOTE-MT-000283,MT-000283,MCH-036,2025-12-21 07:12:00,Symptom: scheduled preventive maintenance; inspection and calibration. Action: lubricated moving parts; checked sensors; verified safety interlock. Severity: low. Failure code: PM.,maintenance_case_summary,0
NOTE-MT-000284,MT-000284,MCH-036,2026-02-14 17:34:00,Symptom: scheduled preventive maintenance; inspection and calibration. Action: lubricated moving parts; checked sensors; verified safety interlock. Severity: low. Failure code: PM.,maintenance_case_summary,0
NOTE-MT-000285,MT-000285,MCH-036,2026-03-31 06:37:00,Symptom: scheduled preventive maintenance; inspection and calibration. Action: lubricated moving parts; checked sensors; verified safety interlock. Severity: low. Failure code: PM.,maintenance_case_summary,0
NOTE-MT-000286,MT-000286,MCH-036,2026-05-11 10:14:00,Symptom: scheduled preventive maintenance; inspection and calibration. Action: lubricated moving parts; checked sensors; verified safety interlock. Severity: low. Failure code: PM.,maintenance_case_summary,0
NOTE-MT-000287,MT-000287,MCH-036,2026-07-01 14:29:00,Symptom: scheduled preventive maintenance; inspection and calibration. Action: lubricated moving parts; checked sensors; verified safety interlock. Severity: low. Failure code: PM.,maintenance_case_summary,0
NOTE-MT-000288,MT-000288,MCH-036,2025-10-03 07:27:00,Symptom: motor current unstable; intermittent power loss and torque drop. Action: replaced motor controller; tested current load profile. Severity: high. Failure code: MOTOR.,maintenance_case_summary,1
NOTE-MT-000289,MT-000289,MCH-036,2025-11-19 05:55:00,Symptom: tool wear exceeded threshold; surface scratch defects increased. Action: changed tool set; adjusted feed rate and checked first article. Severity: high. Failure code: TOOLING.,maintenance_case_summary,1
NOTE-MT-000290,MT-000290,MCH-036,2026-02-15 03:26:00,Symptom: abnormal vibration and rising temperature before automatic stop. Action: replaced bearing; realigned shaft; verified vibration baseline. Severity: high. Failure code: BEARING.,maintenance_case_summary,0
